Application_ID,Candidate_Name,Gender,Age,City,State,Qualification,Specialization,College_Name,Graduation_Year,Experience_Years,Previous_Company,Applied_Role,Department,Skills,Certification,Expected_Salary_LPA,Current_Salary_LPA,Notice_Period_Days,Application_Date,Interview_Score,Technical_Test_Score,Communication_Score,Status,Work_Mode,Preferred_Location
APP0001,Anya Butala,Male,27,Ahmedabad,Gujarat,B.E.,Computer Science,"Dayal, Walia and Gandhi Institute",2024,0,,Data Scientist,Analytics,Python;Machine Learning;SQL,Scrum Master,12.5,,30,2025-01-16,74.0,66.0,87.0,Pending,Onsite,Jaipur
APP0002,Hansh Bal,Female,24,Gurgaon,Haryana,B.Tech,Software Engineering,Cherian PLC Institute,2024,1,Infosys,Database Administrator,Database,Oracle;SQL Server;Backup,ISTQB,22.3,18.1,45,2025-04-21,60.0,,77.0,Pending,Hybrid,Indore
APP0003,Ahana  Yadav,Male,30,Pune,Maharashtra,B.Tech,Data Science,"Wagle, Barad and Samra Institute",2021,5,Infosys,Business Analyst,Business Intelligence,Excel;SQL;Analytics,CEH,34.2,31.7,45,2025-12-05,,83.0,64.0,Rejected,Onsite,Kochi
APP0004,Urvi Bora,Female,38,Chennai,Tamil Nadu,B.E.,Cloud Computing,Banerjee and Sons Institute,2023,2,,Machine Learning Engineer,AI/ML,Scikit-learn;Python;Deep Learning,AWS Certified,10.5,8.4,30,2025-07-14,64.0,94.0,,Selected,Hybrid,Delhi
APP0005,Alisha Mammen,Female,34,Hyderabad,Telangana,BCA,Software Engineering,Sanghvi Group Institute,2023,1,Tech Mahindra,Data Analyst,Analytics,Python;Pandas;Power BI,Oracle Java,31.2,28.9,30,2025-05-07,,89.0,76.0,Pending,Hybrid,Mumbai
APP0006,Romil Luthra,Male,24,Indore,Madhya Pradesh,MBA,Cyber Security,Dubey-Sachar Institute,2026,0,,Java Developer,Software Development,Java;Spring Boot;MySQL,,23.5,,45,2026-05-13,87.0,,,Selected,Hybrid,Delhi
APP0007,Ritvik Chakraborty,Female,26,Nagpur,Maharashtra,BCA,Computer Science,Sankaran LLC Institute,2024,0,,Business Analyst,Business Intelligence,Excel;SQL;Analytics,,31.2,,45,2025-03-20,76.0,92.0,79.0,Rejected,Remote,Mumbai
APP0008,Kiara Subramanian,Female,38,Bhubaneswar,Odisha,B.E.,Cyber Security,Bhatt-Upadhyay Institute,2015,10,Oracle,Backend Developer,Software Development,Node.js;MongoDB;APIs,,11.4,9.4,60,2025-03-07,65.0,91.0,94.0,Selected,Onsite,Indore
APP0009,Anahita Kota,Male,31,Jaipur,Rajasthan,B.Tech,Data Science,Sen-Koshy Institute,2017,8,HCL,Cloud Engineer,Cloud,AWS;Azure;Linux,Oracle Java,16.4,12.7,15,2025-04-26,,,67.0,Selected,Onsite,Ahmedabad
APP0010,Saanvi Kalita,Female,28,Pune,Maharashtra,M.Sc Data Science,Business Analytics,Dixit PLC Institute,2026,0,,DevOps Engineer,Cloud,Docker;Kubernetes;CI/CD,,30.6,,30,2026-01-06,64.0,,73.0,Selected,Remote,Ahmedabad
APP0011,Taran Gara,Male,38,Delhi,Delhi,M.Tech,AI & ML,Upadhyay and Sons Institute,2022,3,Accenture,Backend Developer,Software Development,Node.js;MongoDB;APIs,Google Data Analytics,18.5,14.6,45,2025-04-09,66.0,,66.0,Rejected,Remote,Kochi
APP0012,Ryan Ahluwalia,Female,27,Bhubaneswar,Odisha,M.Sc Data Science,Software Engineering,Dass-Sanghvi Institute,2020,4,TCS,Data Analyst,Analytics,Python;Pandas;Power BI,Google Data Analytics,7.0,3.4,60,2025-09-06,94.0,65.0,,Selected,Hybrid,Hyderabad
APP0013,Devansh Aurora,Male,38,Bhubaneswar,Odisha,B.Tech,Cloud Computing,"Brar, Bains and Gola Institute",2024,1,TCS,Business Analyst,Business Intelligence,Excel;SQL;Analytics,AWS Certified,25.6,21.7,90,2026-05-11,,69.0,78.0,Rejected,Onsite,Bhubaneswar
APP0014,Lakshay Soni,Male,22,Kochi,Kerala,BCA,Information Technology,Khurana LLC Institute,2026,0,,Product Analyst,Product,Analytics;Agile;SQL,CEH,33.8,,90,2025-03-03,65.0,64.0,,Pending,Onsite,Chennai
APP0015,Vardaniya Madan,Female,24,Bhubaneswar,Odisha,B.Tech,Data Science,"Barad, Manda and Wali Institute",2023,1,Oracle,QA Engineer,Testing,Selenium;Java;Manual Testing,IBM AI,26.2,24.2,30,2025-01-05,85.0,,80.0,Rejected,Remote,Bhubaneswar
APP0016,Keya Dey,Male,24,Bangalore,Karnataka,MBA,AI & ML,Chaudhry-Das Institute,2025,1,Cognizant,Backend Developer,Software Development,Node.js;MongoDB;APIs,IBM AI,17.6,14.4,90,2025-05-16,79.0,,66.0,Selected,Onsite,Chennai
APP0017,Urvi Gade,Male,29,Bangalore,Karnataka,B.E.,Business Analytics,Dewan and Sons Institute,2020,5,Oracle,QA Engineer,Testing,Selenium;Java;Manual Testing,CEH,11.8,7.2,90,2025-06-20,63.0,,62.0,Selected,Remote,Mumbai
APP0018,Faiyaz Bhardwaj,Male,32,Bhubaneswar,Odisha,B.E.,Data Science,Kulkarni-Rajagopal Institute,2021,5,Persistent,AI Engineer,AI/ML,Python;TensorFlow;NLP,Azure AI,29.9,26.6,45,2026-04-06,,68.0,,Pending,Hybrid,Kolkata
APP0019,Aarav Krishnamurthy,Male,24,Jaipur,Rajasthan,M.Tech,Computer Science,Chandra-Issac Institute,2025,1,IBM,AI Engineer,AI/ML,Python;TensorFlow;NLP,Oracle Java,34.3,30.1,30,2025-05-17,86.0,,86.0,Rejected,Hybrid,Hyderabad
APP0020,Reyansh Dayal,Female,21,Kochi,Kerala,B.Tech,Cyber Security,"Varughese, Chakrabarti and Buch Institute",2025,1,Wipro,DevOps Engineer,Cloud,Docker;Kubernetes;CI/CD,,24.5,21.9,45,2025-12-14,77.0,,,Selected,Remote,Kolkata
APP0021,Abram Sur,Female,21,Delhi,Delhi,BCA,Data Science,Kant and Sons Institute,2017,8,Tech Mahindra,Backend Developer,Software Development,Node.js;MongoDB;APIs,CEH,17.5,12.6,15,2025-12-29,,96.0,76.0,Pending,Hybrid,Kolkata
APP0022,Romil Bora,Female,26,Chennai,Tamil Nadu,BCA,Cyber Security,"Bose, Talwar and Viswanathan Institute",2017,8,Accenture,Data Scientist,Analytics,Python;Machine Learning;SQL,Scrum Master,19.7,16.0,15,2025-12-07,,78.0,,Rejected,Hybrid,Bangalore
APP0023,Lavanya Bora,Male,30,Delhi,Delhi,B.E.,Data Science,Rajagopal Ltd Institute,2021,4,Wipro,Frontend Developer,Web Development,HTML;CSS;React,AWS Certified,17.7,15.8,15,2025-02-17,90.0,,,Selected,Hybrid,Kolkata
APP0024,Dhanush Sood,Male,34,Kochi,Kerala,B.E.,AI & ML,"Brahmbhatt, Gola and Khare Institute",2021,4,,Data Analyst,Analytics,Python;Pandas;Power BI,Scrum Master,31.5,28.2,60,2026-04-03,,85.0,69.0,Selected,Onsite,Bangalore
APP0025,Mohanlal Mane,Male,36,Bhubaneswar,Odisha,M.Tech,Cyber Security,Wali Group Institute,2022,4,,Data Scientist,Analytics,Python;Machine Learning;SQL,Oracle Java,28.8,25.1,45,2026-04-05,,,,Pending,Hybrid,Ahmedabad
APP0026,Stuvan Boase,Female,25,Bangalore,Karnataka,MBA,Data Science,Sastry-Bhandari Institute,2022,4,Infosys,QA Engineer,Testing,Selenium;Java;Manual Testing,CEH,26.1,24.2,60,2025-04-29,,94.0,68.0,Rejected,Onsite,Noida
APP0027,Aniruddh Tara,Female,34,Delhi,Delhi,BCA,Data Science,Sengupta and Sons Institute,2024,1,IBM,Java Developer,Software Development,Java;Spring Boot;MySQL,Oracle Java,16.1,12.0,45,2026-01-21,,90.0,,Rejected,Hybrid,Pune
APP0028,Umang Jayaraman,Female,25,Delhi,Delhi,M.Sc Data Science,Business Analytics,"Anne, Saran and Wagle Institute",2017,7,Wipro,Frontend Developer,Web Development,HTML;CSS;React,AWS Certified,28.7,24.8,45,2025-02-12,89.0,94.0,85.0,Rejected,Hybrid,Bangalore
APP0029,Amani Varty,Female,28,Noida,Uttar Pradesh,MBA,Information Technology,"Kade, Khalsa and Bhavsar Institute",2023,2,,Frontend Developer,Web Development,HTML;CSS;React,,12.6,7.8,15,2026-05-03,,,61.0,Selected,Remote,Bangalore
APP0030,Anvi Raju,Male,26,Kochi,Kerala,MCA,Information Technology,"Sarkar, Jhaveri and Raj Institute",2020,6,HCL,Python Developer,Software Development,Python;Django;SQL,AWS Certified,11.4,8.5,45,2025-11-07,67.0,,83.0,Pending,Onsite,Bhubaneswar
APP0031,Myra Kaur,Female,32,Delhi,Delhi,B.Tech,Cloud Computing,Konda and Sons Institute,2018,8,TCS,Full Stack Developer,Web Development,React;Node.js;SQL,CEH,6.4,2.6,60,2025-09-30,75.0,79.0,,Selected,Hybrid,Chennai
APP0032,Diya Shankar,Male,23,Ahmedabad,Gujarat,MCA,Business Analytics,"Mann, Kaur and Ahluwalia Institute",2018,8,Capgemini,Business Analyst,Business Intelligence,Excel;SQL;Analytics,Microsoft Power BI,17.5,13.6,90,2026-03-13,,,,Pending,Onsite,Delhi
APP0033,Neysa Kala,Male,23,Chennai,Tamil Nadu,B.E.,Software Engineering,Aggarwal Inc Institute,2021,4,IBM,Python Developer,Software Development,Python;Django;SQL,Scrum Master,9.6,7.8,30,2025-09-22,,,95.0,Pending,Hybrid,Ahmedabad
APP0034,Shalv Swaminathan,Female,32,Jaipur,Rajasthan,MBA,Business Analytics,Buch Inc Institute,2022,4,Cognizant,BI Developer,Analytics,Power BI;DAX;SQL,IBM AI,6.9,5.0,45,2025-08-06,,,,Selected,Remote,Jaipur
APP0035,Yuvaan Warrior,Male,30,Bangalore,Karnataka,B.E.,Cloud Computing,"Bhavsar, Varkey and Dugal Institute",2024,0,,Frontend Developer,Web Development,HTML;CSS;React,Google Data Analytics,20.6,,45,2025-02-21,71.0,,,Selected,Onsite,Gurgaon
APP0036,Prerak Sarna,Female,31,Nagpur,Maharashtra,B.E.,Computer Science,Karpe-Bera Institute,2026,0,,QA Engineer,Testing,Selenium;Java;Manual Testing,IBM AI,21.2,,60,2025-09-03,,66.0,,Selected,Remote,Delhi
APP0037,Vritika Sama,Male,37,Noida,Uttar Pradesh,M.Tech,Business Analytics,"Varughese, Sule and Gera Institute",2018,6,IBM,Data Analyst,Analytics,Python;Pandas;Power BI,IBM AI,25.3,23.7,90,2025-11-07,79.0,75.0,,Rejected,Hybrid,Kolkata
APP0038,Indrajit Sehgal,Male,26,Kolkata,West Bengal,B.Tech,Software Engineering,Rajagopalan and Sons Institute,2018,6,IBM,Java Developer,Software Development,Java;Spring Boot;MySQL,,7.1,3.0,60,2025-10-10,,65.0,75.0,Rejected,Remote,Bangalore
APP0039,Dharmajan Balakrishnan,Male,29,Hyderabad,Telangana,M.Sc Data Science,AI & ML,"Sunder, Andra and Dyal Institute",2017,8,Infosys,Cyber Security Analyst,Security,Network Security;Python;SIEM,AWS Certified,6.2,4.3,30,2025-11-28,76.0,87.0,94.0,Rejected,Onsite,Jaipur
APP0040,Dhruv Bhardwaj,Male,34,Kochi,Kerala,MBA,Cloud Computing,Kota-Saran Institute,2022,4,HCL,Cyber Security Analyst,Security,Network Security;Python;SIEM,IBM AI,18.5,16.3,15,2025-11-03,,,88.0,Selected,Remote,Ahmedabad
APP0041,Neelofar Bains,Female,36,Kochi,Kerala,B.Tech,Business Analytics,"Handa, Borde and Sem Institute",2014,10,Tech Mahindra,Python Developer,Software Development,Python;Django;SQL,CEH,29.5,26.2,45,2025-10-27,,,77.0,Rejected,Onsite,Mumbai
APP0042,Darshit De,Male,33,Kochi,Kerala,M.Sc Data Science,Computer Science,Ganesan-Kurian Institute,2023,2,Persistent,Machine Learning Engineer,AI/ML,Scikit-learn;Python;Deep Learning,Scrum Master,25.5,23.3,60,2025-06-15,85.0,89.0,,Rejected,Remote,Bangalore
APP0043,Mishti Sur,Female,24,Gurgaon,Haryana,B.Tech,Data Science,Koshy-Dhar Institute,2019,6,LTIMindtree,Backend Developer,Software Development,Node.js;MongoDB;APIs,Google Data Analytics,23.4,19.4,45,2026-03-27,,95.0,,Pending,Remote,Gurgaon
APP0044,Shayak Mallick,Male,35,Delhi,Delhi,BCA,AI & ML,"Chopra, Kalita and Devi Institute",2025,1,Accenture,Data Analyst,Analytics,Python;Pandas;Power BI,Oracle Java,18.3,16.8,90,2025-08-30,,,,Pending,Onsite,Bhubaneswar
APP0045,Shaan Srinivas,Female,32,Nagpur,Maharashtra,MCA,Software Engineering,Gera-Bobal Institute,2024,1,IBM,Data Analyst,Analytics,Python;Pandas;Power BI,ISTQB,14.5,10.3,30,2025-08-17,77.0,,91.0,Pending,Remote,Kolkata
APP0046,Tejas Sahni,Female,24,Delhi,Delhi,M.Sc Data Science,Business Analytics,"Sanghvi, Dewan and Dixit Institute",2015,10,Infosys,DevOps Engineer,Cloud,Docker;Kubernetes;CI/CD,Scrum Master,5.4,1.4,60,2025-09-15,,,62.0,Selected,Onsite,Nagpur
APP0047,Advik Date,Female,36,Delhi,Delhi,M.Sc Data Science,Computer Science,"Iyengar, Mangat and Chatterjee Institute",2025,0,,AI Engineer,AI/ML,Python;TensorFlow;NLP,,28.2,,15,2026-05-04,,85.0,,Selected,Onsite,Ahmedabad
APP0048,Kismat Guha,Male,30,Bhubaneswar,Odisha,MCA,Cloud Computing,"Dube, Dhingra and Lalla Institute",2023,1,Accenture,Cyber Security Analyst,Security,Network Security;Python;SIEM,Google Data Analytics,6.8,1.9,30,2025-06-16,,,61.0,Pending,Hybrid,Kolkata
APP0049,Nitara Ram,Female,35,Ahmedabad,Gujarat,MCA,Computer Science,Mahal-Rao Institute,2026,0,,Machine Learning Engineer,AI/ML,Scikit-learn;Python;Deep Learning,Microsoft Power BI,6.4,,45,2025-11-23,84.0,91.0,,Pending,Onsite,Nagpur
APP0050,Darshit Singh,Male,33,Mumbai,Maharashtra,BCA,Cloud Computing,Banik Inc Institute,2022,2,HCL,Business Analyst,Business Intelligence,Excel;SQL;Analytics,IBM AI,13.3,8.5,45,2025-02-24,,79.0,,Selected,Onsite,Delhi
APP0051,Keya Magar,Female,25,Hyderabad,Telangana,MBA,Information Technology,Uppal Inc Institute,2018,6,Persistent,Python Developer,Software Development,Python;Django;SQL,,28.1,23.2,15,2025-11-14,,,74.0,Rejected,Hybrid,Pune
APP0052,Ayesha Butala,Female,26,Kolkata,West Bengal,MCA,Business Analytics,"Bhatnagar, Dugar and Salvi Institute",2018,8,,Backend Developer,Software Development,Node.js;MongoDB;APIs,IBM AI,6.8,4.6,45,2025-09-29,86.0,,,Selected,Hybrid,Mumbai
APP0053,Dhruv Grover,Male,35,Nagpur,Maharashtra,MCA,Cyber Security,Rao-Jhaveri Institute,2017,7,HCL,DevOps Engineer,Cloud,Docker;Kubernetes;CI/CD,CEH,24.9,22.3,45,2025-10-02,,,,Selected,Onsite,Bangalore
APP0054,Aarna Shukla,Male,30,Noida,Uttar Pradesh,M.Tech,Information Technology,Lall-D’Alia Institute,2018,6,Infosys,Python Developer,Software Development,Python;Django;SQL,Oracle Java,14.2,10.8,90,2025-01-24,,,67.0,Selected,Hybrid,Noida
APP0055,Stuvan Sarin,Female,27,Chennai,Tamil Nadu,M.Tech,Business Analytics,Sama PLC Institute,2021,3,Capgemini,Project Manager,Management,Agile;Scrum;Leadership,ISTQB,27.0,25.4,15,2025-12-20,86.0,,77.0,Pending,Hybrid,Gurgaon
APP0056,Raunak Wali,Female,28,Bhubaneswar,Odisha,B.E.,Data Science,Chakraborty-Walla Institute,2025,0,,Backend Developer,Software Development,Node.js;MongoDB;APIs,Azure AI,12.6,,90,2026-02-07,,65.0,61.0,Selected,Onsite,Bangalore
APP0057,Adah Cherian,Male,25,Kochi,Kerala,B.Tech,Cloud Computing,"Wagle, Baria and Jaggi Institute",2024,2,,DevOps Engineer,Cloud,Docker;Kubernetes;CI/CD,Oracle Java,28.4,25.0,90,2025-12-05,77.0,,71.0,Rejected,Remote,Nagpur
APP0058,Mamooty Bal,Male,22,Hyderabad,Telangana,MBA,Cyber Security,"Chaudhari, Sood and Gala Institute",2024,0,,Java Developer,Software Development,Java;Spring Boot;MySQL,Microsoft Power BI,17.0,,15,2025-08-20,67.0,,83.0,Selected,Hybrid,Kochi
APP0059,Nayantara Salvi,Female,33,Delhi,Delhi,BCA,Cyber Security,Bail Ltd Institute,2019,7,IBM,Database Administrator,Database,Oracle;SQL Server;Backup,Scrum Master,19.2,14.6,90,2025-05-21,64.0,80.0,64.0,Rejected,Remote,Indore
APP0060,Mishti Kulkarni,Female,33,Jaipur,Rajasthan,M.Tech,Information Technology,"Salvi, Datta and Kapoor Institute",2017,7,Tech Mahindra,Data Scientist,Analytics,Python;Machine Learning;SQL,CEH,31.2,28.0,45,2026-02-28,,88.0,,Pending,Hybrid,Chennai
APP0061,Divij Sharaf,Female,24,Nagpur,Maharashtra,M.Tech,Cloud Computing,Lalla-Sankaran Institute,2026,0,,BI Developer,Analytics,Power BI;DAX;SQL,,29.8,,60,2025-10-28,,,68.0,Pending,Remote,Hyderabad
APP0062,Nitya Mall,Female,28,Kolkata,West Bengal,M.Sc Data Science,Software Engineering,"Vasa, Sant and Kakar Institute",2024,2,Oracle,Cyber Security Analyst,Security,Network Security;Python;SIEM,,21.9,20.0,90,2025-02-28,90.0,,,Pending,Onsite,Gurgaon
APP0063,Onkar Sur,Female,23,Pune,Maharashtra,B.E.,Computer Science,"Bora, Setty and Arora Institute",2026,0,,QA Engineer,Testing,Selenium;Java;Manual Testing,Azure AI,12.5,,90,2025-10-17,,82.0,71.0,Selected,Hybrid,Delhi
APP0064,Trisha Sidhu,Male,29,Noida,Uttar Pradesh,M.Tech,Software Engineering,Shanker-Dayal Institute,2025,0,,Frontend Developer,Web Development,HTML;CSS;React,Microsoft Power BI,13.7,,90,2025-12-12,80.0,63.0,70.0,Rejected,Hybrid,Hyderabad
APP0065,Ahana  Zachariah,Male,21,Bangalore,Karnataka,B.E.,Cyber Security,Bhasin PLC Institute,2025,0,,Product Analyst,Product,Analytics;Agile;SQL,Oracle Java,17.3,,30,2025-07-22,,,62.0,Rejected,Hybrid,Chennai
APP0066,Hrishita Choudhary,Male,34,Mumbai,Maharashtra,B.Tech,Business Analytics,Kaur-Uppal Institute,2020,4,Infosys,Python Developer,Software Development,Python;Django;SQL,ISTQB,17.4,15.9,90,2026-03-18,94.0,,,Rejected,Onsite,Delhi
APP0067,Adira Salvi,Female,33,Jaipur,Rajasthan,BCA,Information Technology,"Ray, Bhat and Dara Institute",2025,1,Accenture,Database Administrator,Database,Oracle;SQL Server;Backup,IBM AI,16.6,11.7,45,2025-05-05,,83.0,87.0,Selected,Hybrid,Indore
APP0068,Diya Mannan,Male,26,Nagpur,Maharashtra,BCA,AI & ML,"Kala, Shan and Ranganathan Institute",2019,5,,Data Analyst,Analytics,Python;Pandas;Power BI,,7.5,4.5,15,2025-05-12,,,66.0,Selected,Onsite,Noida
APP0069,Taran Kumer,Female,29,Noida,Uttar Pradesh,BCA,Computer Science,Swaminathan-Sehgal Institute,2017,7,Tech Mahindra,Business Analyst,Business Intelligence,Excel;SQL;Analytics,Scrum Master,23.9,19.0,15,2025-08-15,,,,Rejected,Hybrid,Noida
APP0070,Adira Halder,Female,37,Pune,Maharashtra,B.E.,Computer Science,Gaba PLC Institute,2023,2,IBM,Java Developer,Software Development,Java;Spring Boot;MySQL,Azure AI,6.4,1.9,45,2025-06-14,,89.0,88.0,Pending,Remote,Gurgaon
APP0071,Veer Kaul,Female,22,Ahmedabad,Gujarat,M.Sc Data Science,Cloud Computing,Sheth Inc Institute,2026,0,,Machine Learning Engineer,AI/ML,Scikit-learn;Python;Deep Learning,Azure AI,25.9,,45,2025-07-29,,,,Selected,Onsite,Ahmedabad
APP0072,Rohan Dhar,Female,25,Delhi,Delhi,BCA,Information Technology,Sidhu-Jain Institute,2023,1,Cognizant,Cyber Security Analyst,Security,Network Security;Python;SIEM,Scrum Master,30.4,25.5,60,2026-05-11,,65.0,,Pending,Hybrid,Kochi
APP0073,Ritvik Deo,Male,31,Nagpur,Maharashtra,M.Sc Data Science,Business Analytics,"Varma, Sha and Dube Institute",2024,0,,Product Analyst,Product,Analytics;Agile;SQL,,24.8,,30,2026-05-02,,,79.0,Selected,Remote,Mumbai
APP0074,Gatik Kurian,Male,35,Hyderabad,Telangana,B.Tech,Software Engineering,"Chahal, Mann and Sem Institute",2019,5,Tech Mahindra,Data Scientist,Analytics,Python;Machine Learning;SQL,,29.9,25.4,30,2025-04-03,,,69.0,Rejected,Onsite,Hyderabad
APP0075,Adira Talwar,Female,37,Indore,Madhya Pradesh,BCA,Software Engineering,Jaggi-Rastogi Institute,2023,1,Wipro,Business Analyst,Business Intelligence,Excel;SQL;Analytics,Oracle Java,11.4,6.5,90,2026-02-03,90.0,,,Selected,Hybrid,Pune
APP0076,Raunak Luthra,Male,34,Ahmedabad,Gujarat,B.Tech,Data Science,"Samra, Seth and Kunda Institute",2022,2,IBM,BI Developer,Analytics,Power BI;DAX;SQL,ISTQB,33.0,29.2,15,2025-08-19,93.0,78.0,,Rejected,Remote,Delhi
APP0077,Alia Borde,Female,36,Gurgaon,Haryana,MBA,AI & ML,Shenoy-Ghosh Institute,2024,1,,Backend Developer,Software Development,Node.js;MongoDB;APIs,,34.8,32.3,60,2025-01-20,,,69.0,Pending,Remote,Bhubaneswar
APP0078,Ivan Seth,Male,28,Mumbai,Maharashtra,M.Tech,Business Analytics,Cheema-Zachariah Institute,2025,1,Infosys,Python Developer,Software Development,Python;Django;SQL,Azure AI,29.9,26.7,60,2025-03-04,,,,Pending,Onsite,Pune
APP0079,Dishani Chandra,Female,23,Ahmedabad,Gujarat,BCA,Computer Science,Mani-Manne Institute,2020,6,Accenture,Product Analyst,Product,Analytics;Agile;SQL,,26.3,24.1,15,2025-09-26,,,71.0,Pending,Hybrid,Chennai
APP0080,Dhanuk Rout,Male,35,Hyderabad,Telangana,MBA,Business Analytics,Date LLC Institute,2024,2,Persistent,Python Developer,Software Development,Python;Django;SQL,Google Data Analytics,14.7,10.8,30,2026-02-21,,68.0,,Selected,Onsite,Indore
APP0081,Saanvi Cherian,Male,27,Noida,Uttar Pradesh,MCA,Cloud Computing,"Apte, Koshy and Goel Institute",2025,1,,Java Developer,Software Development,Java;Spring Boot;MySQL,AWS Certified,5.4,3.6,45,2025-05-10,,,,Rejected,Remote,Indore
APP0082,Nirvaan Ratti,Male,34,Chennai,Tamil Nadu,B.Tech,Software Engineering,Amble-Gokhale Institute,2021,3,HCL,Database Administrator,Database,Oracle;SQL Server;Backup,Google Data Analytics,17.6,12.8,90,2026-02-15,81.0,,,Rejected,Hybrid,Mumbai
APP0083,Bhavin Lall,Female,34,Mumbai,Maharashtra,MCA,Computer Science,Barman-Mangal Institute,2018,7,Infosys,Frontend Developer,Web Development,HTML;CSS;React,,13.5,10.1,60,2026-01-08,87.0,,88.0,Rejected,Onsite,Indore
APP0084,Bhamini Shan,Female,22,Jaipur,Rajasthan,BCA,AI & ML,Bora-Raman Institute,2026,0,,Machine Learning Engineer,AI/ML,Scikit-learn;Python;Deep Learning,,30.3,,60,2025-07-05,88.0,68.0,,Rejected,Hybrid,Noida
APP0085,Ivan Tandon,Female,38,Indore,Madhya Pradesh,B.Tech,Cyber Security,"Sami, Mahajan and Buch Institute",2020,6,,Data Analyst,Analytics,Python;Pandas;Power BI,IBM AI,20.4,17.8,60,2025-09-23,77.0,67.0,,Selected,Onsite,Hyderabad
APP0086,Azad Rattan,Female,30,Jaipur,Rajasthan,M.Sc Data Science,AI & ML,Rao-Raja Institute,2025,1,LTIMindtree,BI Developer,Analytics,Power BI;DAX;SQL,,8.2,6.9,30,2025-10-09,,,82.0,Rejected,Onsite,Bangalore
APP0087,Heer Chokshi,Female,36,Mumbai,Maharashtra,BCA,Software Engineering,"Sampath, Khalsa and Dutta Institute",2016,10,,Cloud Engineer,Cloud,AWS;Azure;Linux,CEH,11.3,8.3,90,2025-06-08,,89.0,65.0,Selected,Remote,Chennai
APP0088,Azad Sangha,Male,37,Ahmedabad,Gujarat,B.E.,Cyber Security,Arora-Hayre Institute,2021,4,Wipro,Data Analyst,Analytics,Python;Pandas;Power BI,Google Data Analytics,25.1,22.7,45,2026-03-02,95.0,,92.0,Pending,Remote,Chennai
APP0089,Ivana Varughese,Male,25,Gurgaon,Haryana,B.E.,Cloud Computing,Tripathi-Vasa Institute,2025,0,,Cyber Security Analyst,Security,Network Security;Python;SIEM,,10.1,,15,2025-09-15,,,94.0,Selected,Remote,Pune
APP0090,Pranay Dua,Female,30,Ahmedabad,Gujarat,M.Tech,Information Technology,Kala PLC Institute,2019,7,LTIMindtree,QA Engineer,Testing,Selenium;Java;Manual Testing,AWS Certified,27.8,25.1,30,2025-05-06,,,,Rejected,Hybrid,Noida
APP0091,Anahita Kara,Male,35,Noida,Uttar Pradesh,B.Tech,Cyber Security,Balakrishnan Ltd Institute,2022,2,IBM,Cloud Engineer,Cloud,AWS;Azure;Linux,Oracle Java,8.5,4.1,30,2025-06-13,,,83.0,Selected,Remote,Hyderabad
APP0092,Mamooty Seshadri,Female,36,Delhi,Delhi,B.Tech,Information Technology,"Dutt, Dash and Srinivasan Institute",2025,1,Accenture,Database Administrator,Database,Oracle;SQL Server;Backup,Scrum Master,29.2,24.5,60,2025-09-13,80.0,,,Selected,Remote,Kolkata
APP0093,Jayant Tara,Female,32,Chennai,Tamil Nadu,M.Sc Data Science,Software Engineering,"Kata, Mann and Borah Institute",2025,0,,Java Developer,Software Development,Java;Spring Boot;MySQL,ISTQB,19.3,,15,2025-03-10,,94.0,,Rejected,Remote,Kolkata
APP0094,Himmat Banik,Female,38,Gurgaon,Haryana,MCA,AI & ML,"Chaudhary, Manda and Shroff Institute",2022,2,Capgemini,Cloud Engineer,Cloud,AWS;Azure;Linux,,12.9,10.4,90,2025-07-11,,67.0,,Rejected,Onsite,Pune
APP0095,Tarini Wagle,Female,30,Pune,Maharashtra,BCA,Cloud Computing,"Yohannan, Sant and Gokhale Institute",2024,0,,Java Developer,Software Development,Java;Spring Boot;MySQL,Scrum Master,14.3,,90,2025-03-25,,69.0,,Pending,Hybrid,Jaipur
APP0096,Riaan Thakur,Male,36,Kolkata,West Bengal,B.E.,Software Engineering,"Dixit, Dhaliwal and Sawhney Institute",2022,4,Wipro,Cyber Security Analyst,Security,Network Security;Python;SIEM,,15.4,11.7,30,2026-01-05,,,76.0,Selected,Onsite,Jaipur
APP0097,Anaya Dayal,Male,25,Mumbai,Maharashtra,BCA,Data Science,Edwin-Dua Institute,2025,0,,Cloud Engineer,Cloud,AWS;Azure;Linux,Scrum Master,13.7,,45,2026-03-23,,,,Pending,Hybrid,Gurgaon
APP0098,Inaaya  Seth,Female,28,Delhi,Delhi,MCA,Cyber Security,"Atwal, Aggarwal and Kothari Institute",2025,0,,Frontend Developer,Web Development,HTML;CSS;React,Oracle Java,32.3,,60,2025-05-23,,,72.0,Rejected,Hybrid,Chennai
APP0099,Diya Date,Male,32,Gurgaon,Haryana,M.Tech,Cyber Security,Bava Ltd Institute,2025,1,LTIMindtree,QA Engineer,Testing,Selenium;Java;Manual Testing,Microsoft Power BI,21.8,18.6,30,2026-05-05,,,,Selected,Onsite,Hyderabad
APP0100,Tarini Bhattacharyya,Female,31,Bhubaneswar,Odisha,MBA,Business Analytics,"Shah, Saxena and Rajagopalan Institute",2017,8,Infosys,Project Manager,Management,Agile;Scrum;Leadership,,8.3,4.8,30,2025-02-21,75.0,63.0,74.0,Selected,Onsite,Bhubaneswar
APP0101,Mannat Batta,Male,26,Nagpur,Maharashtra,M.Tech,AI & ML,Dada and Sons Institute,2018,7,TCS,Database Administrator,Database,Oracle;SQL Server;Backup,CEH,18.8,17.0,60,2025-10-01,,78.0,65.0,Selected,Onsite,Kochi
APP0102,Sara Kunda,Male,37,Bhubaneswar,Odisha,M.Tech,Cyber Security,Mannan-Dutta Institute,2026,0,,Cyber Security Analyst,Security,Network Security;Python;SIEM,Oracle Java,13.3,,15,2026-04-01,,,,Rejected,Remote,Jaipur
APP0103,Kaira Bobal,Female,24,Noida,Uttar Pradesh,B.E.,AI & ML,Loyal-Bhandari Institute,2018,8,IBM,QA Engineer,Testing,Selenium;Java;Manual Testing,ISTQB,4.4,2.1,30,2025-02-14,78.0,,,Selected,Hybrid,Delhi
APP0104,Jayesh Sathe,Female,26,Bangalore,Karnataka,M.Tech,Cyber Security,Shetty-Walla Institute,2015,10,LTIMindtree,Business Analyst,Business Intelligence,Excel;SQL;Analytics,Azure AI,33.6,31.4,45,2025-08-27,,83.0,63.0,Rejected,Onsite,Bangalore
APP0105,Aarna Bhagat,Male,23,Bangalore,Karnataka,BCA,Business Analytics,"Dewan, Sethi and Choudhry Institute",2022,4,Oracle,AI Engineer,AI/ML,Python;TensorFlow;NLP,ISTQB,18.1,13.1,15,2026-01-26,,,94.0,Pending,Remote,Pune
APP0106,Aaina Kala,Female,22,Kochi,Kerala,M.Tech,AI & ML,"Bains, Behl and Boase Institute",2021,5,Oracle,Project Manager,Management,Agile;Scrum;Leadership,CEH,21.8,20.2,60,2026-04-06,,67.0,91.0,Pending,Remote,Gurgaon
APP0107,Diya Sant,Male,23,Noida,Uttar Pradesh,M.Tech,Computer Science,Saran LLC Institute,2018,8,Cognizant,Cyber Security Analyst,Security,Network Security;Python;SIEM,CEH,16.3,12.0,30,2025-10-05,73.0,,82.0,Selected,Onsite,Jaipur
APP0108,Vaibhav Wali,Female,37,Ahmedabad,Gujarat,B.E.,Data Science,Andra Inc Institute,2023,2,TCS,Database Administrator,Database,Oracle;SQL Server;Backup,AWS Certified,17.9,13.2,45,2025-04-02,,65.0,82.0,Rejected,Onsite,Jaipur
APP0109,Anahi Keer,Female,21,Gurgaon,Haryana,B.E.,Data Science,Lad Inc Institute,2020,5,Infosys,Database Administrator,Database,Oracle;SQL Server;Backup,Azure AI,29.5,27.5,90,2026-02-19,82.0,77.0,67.0,Selected,Hybrid,Kolkata
APP0110,Vidur Koshy,Female,31,Ahmedabad,Gujarat,B.E.,Cyber Security,"Sridhar, Chada and Wable Institute",2023,1,Wipro,Java Developer,Software Development,Java;Spring Boot;MySQL,,5.4,2.6,90,2025-04-30,94.0,63.0,,Selected,Hybrid,Hyderabad
APP0111,Ehsaan Jain,Female,34,Hyderabad,Telangana,B.E.,Cyber Security,"Karpe, Jani and Saraf Institute",2019,5,Accenture,Java Developer,Software Development,Java;Spring Boot;MySQL,Google Data Analytics,31.3,26.7,90,2025-12-23,,,,Rejected,Remote,Kochi
APP0112,Nirvaan Jhaveri,Male,31,Bangalore,Karnataka,MBA,Information Technology,Bhatt Group Institute,2018,8,IBM,Cyber Security Analyst,Security,Network Security;Python;SIEM,ISTQB,29.0,24.3,15,2025-05-11,,86.0,84.0,Pending,Onsite,Kochi
APP0113,Aayush Chauhan,Female,30,Bangalore,Karnataka,B.Tech,Data Science,Choudhry LLC Institute,2024,1,Capgemini,Java Developer,Software Development,Java;Spring Boot;MySQL,Azure AI,24.9,21.5,60,2026-03-22,64.0,97.0,90.0,Selected,Onsite,Kolkata
APP0114,Samar Dugar,Female,35,Jaipur,Rajasthan,B.Tech,Business Analytics,"Mand, Gour and Shanker Institute",2023,3,,Cloud Engineer,Cloud,AWS;Azure;Linux,ISTQB,21.1,17.0,30,2025-07-04,,,,Rejected,Hybrid,Delhi
APP0115,Shray Sarna,Male,36,Pune,Maharashtra,BCA,Cloud Computing,"Bhattacharyya, Chanda and Choudhary Institute",2018,8,Cognizant,DevOps Engineer,Cloud,Docker;Kubernetes;CI/CD,Microsoft Power BI,4.5,1.3,60,2025-07-14,,69.0,81.0,Rejected,Remote,Jaipur
APP0116,Saanvi Lad,Male,22,Indore,Madhya Pradesh,M.Sc Data Science,Computer Science,"Cheema, Bawa and Chakrabarti Institute",2026,0,,Backend Developer,Software Development,Node.js;MongoDB;APIs,CEH,26.3,,30,2026-03-06,91.0,94.0,93.0,Pending,Remote,Mumbai
APP0117,Rati Ahuja,Female,21,Jaipur,Rajasthan,B.Tech,Cyber Security,"Uppal, Chandran and Vora Institute",2026,0,,AI Engineer,AI/ML,Python;TensorFlow;NLP,Scrum Master,19.7,,45,2025-09-30,83.0,,61.0,Selected,Onsite,Kochi
APP0118,Anya Jain,Female,23,Jaipur,Rajasthan,MCA,Software Engineering,"Bora, Hayer and Bera Institute",2016,10,IBM,Database Administrator,Database,Oracle;SQL Server;Backup,,7.3,5.9,30,2026-02-12,69.0,,,Pending,Remote,Hyderabad
APP0119,Manikya Sridhar,Male,23,Ahmedabad,Gujarat,M.Tech,Software Engineering,"Bir, Rattan and Bal Institute",2017,7,Persistent,Data Analyst,Analytics,Python;Pandas;Power BI,ISTQB,27.5,26.1,90,2025-12-26,,,63.0,Selected,Onsite,Bhubaneswar
APP0120,Seher Kadakia,Male,25,Pune,Maharashtra,M.Sc Data Science,Software Engineering,"Sinha, Gulati and Chopra Institute",2023,1,Infosys,DevOps Engineer,Cloud,Docker;Kubernetes;CI/CD,IBM AI,31.5,28.6,30,2025-01-09,62.0,77.0,,Pending,Remote,Kolkata
APP0121,Anvi Thakur,Male,23,Kochi,Kerala,MCA,Software Engineering,"Thakur, Tiwari and Suri Institute",2017,7,,Full Stack Developer,Web Development,React;Node.js;SQL,ISTQB,14.3,10.3,15,2025-08-12,68.0,,63.0,Pending,Hybrid,Indore
APP0122,Darshit Dhar,Female,25,Noida,Uttar Pradesh,M.Tech,AI & ML,Bail-Bains Institute,2024,1,LTIMindtree,BI Developer,Analytics,Power BI;DAX;SQL,CEH,21.1,18.6,45,2025-02-12,,,75.0,Rejected,Remote,Mumbai
APP0123,Indrans Barman,Male,23,Pune,Maharashtra,MCA,Information Technology,Keer-Sachdev Institute,2021,4,HCL,Cyber Security Analyst,Security,Network Security;Python;SIEM,,27.6,26.2,45,2025-02-22,65.0,,,Rejected,Remote,Hyderabad
APP0124,Eva Varughese,Female,36,Delhi,Delhi,B.E.,Information Technology,"Keer, Sarna and Iyer Institute",2016,10,Wipro,Full Stack Developer,Web Development,React;Node.js;SQL,CEH,26.5,23.3,45,2025-06-04,75.0,84.0,,Rejected,Hybrid,Noida
APP0125,Sahil Vasa,Female,31,Indore,Madhya Pradesh,M.Sc Data Science,Software Engineering,Gour Ltd Institute,2023,2,,Data Analyst,Analytics,Python;Pandas;Power BI,,33.3,29.4,60,2025-01-04,91.0,89.0,,Rejected,Hybrid,Kochi
APP0126,Prisha Bhatnagar,Female,28,Kochi,Kerala,MCA,Software Engineering,Bandi-Yohannan Institute,2024,1,Cognizant,AI Engineer,AI/ML,Python;TensorFlow;NLP,CEH,22.7,18.9,45,2026-01-12,,,,Selected,Onsite,Bangalore
APP0127,Adah Kar,Female,36,Kolkata,West Bengal,B.E.,Cyber Security,Suresh-Lalla Institute,2024,0,,Project Manager,Management,Agile;Scrum;Leadership,Oracle Java,27.8,,45,2026-02-24,,,78.0,Pending,Remote,Jaipur
APP0128,Siya Bava,Female,38,Delhi,Delhi,BCA,Information Technology,Andra-Thaker Institute,2025,0,,Full Stack Developer,Web Development,React;Node.js;SQL,Azure AI,34.7,,30,2026-02-09,,,94.0,Pending,Onsite,Chennai
APP0129,Parinaaz Dixit,Male,35,Nagpur,Maharashtra,MCA,Software Engineering,"Lata, Korpal and Sawhney Institute",2018,6,IBM,Java Developer,Software Development,Java;Spring Boot;MySQL,,25.0,22.4,90,2025-04-24,,66.0,,Pending,Onsite,Nagpur
APP0130,Adira Sarkar,Male,37,Chennai,Tamil Nadu,M.Tech,Cloud Computing,"Koshy, Wason and Roy Institute",2022,4,IBM,Python Developer,Software Development,Python;Django;SQL,Azure AI,13.2,8.5,60,2025-08-22,65.0,,,Pending,Onsite,Noida
APP0131,Badal Kota,Male,31,Chennai,Tamil Nadu,BCA,Software Engineering,Ratti LLC Institute,2025,1,IBM,Data Analyst,Analytics,Python;Pandas;Power BI,Oracle Java,29.1,27.6,60,2025-10-10,81.0,70.0,93.0,Pending,Remote,Nagpur
APP0132,Lavanya Karnik,Male,24,Ahmedabad,Gujarat,M.Sc Data Science,AI & ML,"Bandi, Mall and Contractor Institute",2023,3,Tech Mahindra,Database Administrator,Database,Oracle;SQL Server;Backup,ISTQB,26.9,22.4,30,2025-05-23,,84.0,73.0,Rejected,Remote,Hyderabad
APP0133,Krish Lall,Female,23,Ahmedabad,Gujarat,MBA,AI & ML,Chandran Inc Institute,2019,5,Tech Mahindra,BI Developer,Analytics,Power BI;DAX;SQL,Azure AI,13.7,11.1,30,2026-02-21,85.0,,89.0,Rejected,Remote,Nagpur
APP0134,Nayantara Som,Male,36,Chennai,Tamil Nadu,MCA,AI & ML,"Khalsa, Som and Andra Institute",2020,5,Wipro,AI Engineer,AI/ML,Python;TensorFlow;NLP,ISTQB,17.0,15.4,60,2025-10-12,,,94.0,Pending,Remote,Kochi
APP0135,Parinaaz Thakur,Male,23,Chennai,Tamil Nadu,BCA,Computer Science,"Dugar, Chaudhry and Brahmbhatt Institute",2022,4,,Python Developer,Software Development,Python;Django;SQL,Oracle Java,10.0,7.5,45,2025-09-08,,,,Selected,Hybrid,Bangalore
APP0136,Kimaya Kuruvilla,Male,35,Gurgaon,Haryana,BCA,Data Science,Sahni PLC Institute,2025,0,,Cyber Security Analyst,Security,Network Security;Python;SIEM,CEH,21.5,,15,2025-10-05,91.0,96.0,,Pending,Onsite,Indore
APP0137,Shamik Dada,Female,26,Bangalore,Karnataka,BCA,AI & ML,Rajagopalan PLC Institute,2025,0,,Cyber Security Analyst,Security,Network Security;Python;SIEM,Oracle Java,12.1,,30,2026-03-17,,67.0,,Selected,Onsite,Chennai
APP0138,Prerak Dalal,Female,22,Gurgaon,Haryana,MCA,AI & ML,Dhar and Sons Institute,2018,6,LTIMindtree,QA Engineer,Testing,Selenium;Java;Manual Testing,Google Data Analytics,9.2,4.3,30,2025-03-11,,,92.0,Selected,Onsite,Chennai
APP0139,Ranbir Devan,Female,32,Kochi,Kerala,M.Tech,Business Analytics,"Guha, Bhakta and Shere Institute",2014,10,Tech Mahindra,DevOps Engineer,Cloud,Docker;Kubernetes;CI/CD,,16.2,14.6,15,2025-07-26,,,64.0,Pending,Remote,Jaipur
APP0140,Azad Yohannan,Male,36,Noida,Uttar Pradesh,M.Sc Data Science,Cloud Computing,"Sundaram, Viswanathan and Kakar Institute",2024,0,,Backend Developer,Software Development,Node.js;MongoDB;APIs,,16.3,,15,2025-06-22,,,,Selected,Remote,Ahmedabad
APP0141,Zain Chacko,Male,30,Indore,Madhya Pradesh,B.E.,Cyber Security,Karnik Inc Institute,2026,0,,Business Analyst,Business Intelligence,Excel;SQL;Analytics,,32.8,,45,2025-12-19,,89.0,87.0,Rejected,Remote,Chennai
APP0142,Khushi Dora,Male,25,Ahmedabad,Gujarat,BCA,Data Science,Badami-Mani Institute,2025,0,,Machine Learning Engineer,AI/ML,Scikit-learn;Python;Deep Learning,Scrum Master,23.4,,60,2025-09-02,,65.0,60.0,Selected,Remote,Jaipur
APP0143,Yashvi Kota,Female,25,Chennai,Tamil Nadu,M.Tech,AI & ML,"Vohra, Wali and Dalal Institute",2021,3,Persistent,Data Scientist,Analytics,Python;Machine Learning;SQL,,8.1,6.8,30,2026-03-28,84.0,66.0,,Selected,Onsite,Kolkata
APP0144,Sana Seth,Male,33,Pune,Maharashtra,MCA,Software Engineering,Saran PLC Institute,2021,4,Tech Mahindra,Machine Learning Engineer,AI/ML,Scikit-learn;Python;Deep Learning,Google Data Analytics,26.4,22.9,30,2025-03-13,,88.0,65.0,Rejected,Onsite,Mumbai
APP0145,Kiara Wali,Male,28,Bangalore,Karnataka,M.Tech,Software Engineering,"Halder, Sengupta and Rout Institute",2018,6,Infosys,Project Manager,Management,Agile;Scrum;Leadership,Oracle Java,26.4,24.3,60,2025-11-27,,73.0,,Pending,Onsite,Mumbai
APP0146,Divit Kala,Male,21,Gurgaon,Haryana,MCA,Data Science,Bhatia Ltd Institute,2023,2,TCS,Python Developer,Software Development,Python;Django;SQL,AWS Certified,8.1,3.7,60,2025-01-09,,94.0,90.0,Pending,Hybrid,Ahmedabad
APP0147,Purab Cheema,Male,25,Jaipur,Rajasthan,BCA,Cloud Computing,"Swaminathan, Mani and Aurora Institute",2015,10,Accenture,Product Analyst,Product,Analytics;Agile;SQL,,17.1,14.5,15,2025-09-19,94.0,77.0,79.0,Rejected,Onsite,Delhi
APP0148,Lavanya Dhingra,Male,25,Jaipur,Rajasthan,MBA,Computer Science,Kari Inc Institute,2026,0,,DevOps Engineer,Cloud,Docker;Kubernetes;CI/CD,Google Data Analytics,6.7,,60,2025-03-03,87.0,89.0,79.0,Rejected,Onsite,Gurgaon
APP0149,Zoya Bora,Male,29,Indore,Madhya Pradesh,MBA,Information Technology,Master-Kari Institute,2025,0,,QA Engineer,Testing,Selenium;Java;Manual Testing,Microsoft Power BI,7.9,,60,2025-09-26,77.0,,,Pending,Hybrid,Pune
APP0150,Raghav Lala,Male,36,Noida,Uttar Pradesh,MCA,Software Engineering,"Lal, Chatterjee and Gola Institute",2024,2,Wipro,Machine Learning Engineer,AI/ML,Scikit-learn;Python;Deep Learning,Google Data Analytics,11.9,10.5,15,2025-05-06,67.0,92.0,62.0,Pending,Onsite,Jaipur
APP0151,Aarna Lad,Male,37,Ahmedabad,Gujarat,B.Tech,Software Engineering,"Gala, Saran and Guha Institute",2024,1,Infosys,Database Administrator,Database,Oracle;SQL Server;Backup,Microsoft Power BI,11.7,7.0,45,2025-04-02,,,67.0,Rejected,Hybrid,Mumbai
APP0152,Vedika Zachariah,Male,25,Gurgaon,Haryana,B.Tech,Software Engineering,Bajwa-Rao Institute,2025,0,,Business Analyst,Business Intelligence,Excel;SQL;Analytics,AWS Certified,10.2,,30,2026-01-11,79.0,,91.0,Pending,Hybrid,Ahmedabad
APP0153,Hunar Anne,Male,25,Kochi,Kerala,MBA,Cyber Security,Goyal Ltd Institute,2024,2,Infosys,Python Developer,Software Development,Python;Django;SQL,AWS Certified,27.5,25.0,30,2026-05-08,79.0,73.0,,Pending,Hybrid,Jaipur
APP0154,Riya Raju,Female,29,Bhubaneswar,Odisha,M.Sc Data Science,Cloud Computing,Basak Inc Institute,2020,4,,Backend Developer,Software Development,Node.js;MongoDB;APIs,CEH,6.6,5.2,45,2025-05-02,,64.0,87.0,Rejected,Hybrid,Hyderabad
APP0155,Ahana  Korpal,Male,38,Bangalore,Karnataka,MCA,Data Science,Swaminathan-Anand Institute,2025,1,IBM,Data Analyst,Analytics,Python;Pandas;Power BI,IBM AI,28.2,24.9,60,2025-07-28,69.0,,,Rejected,Remote,Mumbai
APP0156,Amani Kala,Male,30,Nagpur,Maharashtra,MCA,AI & ML,Sankar-Bath Institute,2016,8,TCS,Cyber Security Analyst,Security,Network Security;Python;SIEM,CEH,22.7,20.8,60,2025-09-20,80.0,65.0,,Pending,Onsite,Gurgaon
APP0157,Mohanlal Mammen,Male,29,Bangalore,Karnataka,M.Sc Data Science,Information Technology,Dube-Viswanathan Institute,2022,4,TCS,Data Scientist,Analytics,Python;Machine Learning;SQL,Azure AI,28.9,27.3,30,2025-07-10,60.0,74.0,,Pending,Hybrid,Indore
APP0158,Drishya Rattan,Female,34,Nagpur,Maharashtra,B.E.,Cloud Computing,Chacko-Kashyap Institute,2015,10,Capgemini,Data Analyst,Analytics,Python;Pandas;Power BI,Google Data Analytics,7.8,3.0,45,2025-01-16,63.0,,,Rejected,Hybrid,Bhubaneswar
APP0159,Sana Kurian,Female,25,Nagpur,Maharashtra,M.Tech,Data Science,Batra Ltd Institute,2018,6,Persistent,Java Developer,Software Development,Java;Spring Boot;MySQL,Scrum Master,23.1,19.5,30,2025-05-24,,,63.0,Pending,Onsite,Indore
APP0160,Anika Deshmukh,Male,31,Pune,Maharashtra,BCA,Data Science,Chhabra Group Institute,2014,10,TCS,Full Stack Developer,Web Development,React;Node.js;SQL,IBM AI,15.1,11.9,15,2025-04-03,,,,Rejected,Onsite,Chennai
APP0161,Biju Bhandari,Male,26,Indore,Madhya Pradesh,B.E.,Cloud Computing,Bail Inc Institute,2026,0,,DevOps Engineer,Cloud,Docker;Kubernetes;CI/CD,ISTQB,11.7,,90,2025-07-01,,94.0,,Selected,Onsite,Jaipur
APP0162,Yuvraj  Shan,Male,28,Chennai,Tamil Nadu,B.Tech,Business Analytics,"Warrior, Rout and Hayre Institute",2020,6,TCS,AI Engineer,AI/ML,Python;TensorFlow;NLP,ISTQB,29.9,25.7,90,2025-01-29,,,62.0,Selected,Remote,Chennai
APP0163,Keya Khalsa,Female,24,Jaipur,Rajasthan,MCA,Cyber Security,Datta-Yogi Institute,2015,10,Tech Mahindra,Machine Learning Engineer,AI/ML,Scikit-learn;Python;Deep Learning,Google Data Analytics,5.8,4.2,30,2025-12-27,69.0,,,Pending,Hybrid,Indore
APP0164,Vivaan Srinivas,Female,25,Ahmedabad,Gujarat,B.E.,Computer Science,Kurian-Chhabra Institute,2018,7,LTIMindtree,BI Developer,Analytics,Power BI;DAX;SQL,,9.4,4.5,60,2026-01-11,82.0,97.0,,Pending,Remote,Nagpur
APP0165,Kaira Iyer,Male,23,Kolkata,West Bengal,M.Sc Data Science,Cloud Computing,Rau LLC Institute,2014,10,IBM,Frontend Developer,Web Development,HTML;CSS;React,AWS Certified,10.8,7.5,45,2025-06-13,91.0,81.0,,Selected,Remote,Jaipur
APP0166,Nehmat Salvi,Female,24,Mumbai,Maharashtra,M.Sc Data Science,Business Analytics,Dar-Kari Institute,2025,1,,Backend Developer,Software Development,Node.js;MongoDB;APIs,,26.3,25.1,30,2025-06-29,,,,Selected,Hybrid,Mumbai
APP0167,Mannat Bajwa,Male,31,Indore,Madhya Pradesh,BCA,Business Analytics,"Sundaram, Bhat and Bahl Institute",2025,1,LTIMindtree,Java Developer,Software Development,Java;Spring Boot;MySQL,AWS Certified,13.9,9.1,60,2025-10-08,,,70.0,Pending,Remote,Kolkata
APP0168,Kismat Bhatt,Male,22,Bhubaneswar,Odisha,M.Tech,Business Analytics,"Mall, Sen and Ramachandran Institute",2026,0,,Database Administrator,Database,Oracle;SQL Server;Backup,Google Data Analytics,7.1,,15,2025-05-02,73.0,,,Rejected,Remote,Delhi
APP0169,Saira Hans,Male,30,Mumbai,Maharashtra,M.Sc Data Science,Software Engineering,"Sani, Sathe and Shanker Institute",2017,7,IBM,Cyber Security Analyst,Security,Network Security;Python;SIEM,Microsoft Power BI,22.6,20.8,45,2026-03-09,,,,Selected,Onsite,Gurgaon
APP0170,Vaibhav Arora,Male,25,Delhi,Delhi,M.Sc Data Science,Information Technology,Dass-Thakkar Institute,2023,2,Infosys,Machine Learning Engineer,AI/ML,Scikit-learn;Python;Deep Learning,,15.5,12.7,45,2025-10-16,,,,Pending,Hybrid,Indore
APP0171,Kismat Kothari,Female,22,Kolkata,West Bengal,BCA,AI & ML,Khurana PLC Institute,2021,5,Infosys,DevOps Engineer,Cloud,Docker;Kubernetes;CI/CD,Microsoft Power BI,30.1,25.8,30,2025-02-10,,96.0,,Selected,Remote,Indore
APP0172,Charvi Mahajan,Female,38,Bangalore,Karnataka,M.Tech,Cloud Computing,Varma-Krishnamurthy Institute,2025,0,,AI Engineer,AI/ML,Python;TensorFlow;NLP,IBM AI,6.4,,90,2025-02-14,87.0,,80.0,Rejected,Remote,Indore
APP0173,Madhav Butala,Female,29,Jaipur,Rajasthan,M.Tech,Business Analytics,Devan-Mall Institute,2015,10,HCL,Product Analyst,Product,Analytics;Agile;SQL,,7.5,5.9,60,2026-03-26,66.0,96.0,,Selected,Remote,Hyderabad
APP0174,Zain Anand,Female,21,Delhi,Delhi,MCA,Cyber Security,Sandhu and Sons Institute,2018,6,Cognizant,AI Engineer,AI/ML,Python;TensorFlow;NLP,,25.1,22.5,60,2026-04-05,,75.0,,Pending,Onsite,Mumbai
APP0175,Tushar Madan,Male,34,Kochi,Kerala,MBA,Business Analytics,Behl-Gill Institute,2025,0,,DevOps Engineer,Cloud,Docker;Kubernetes;CI/CD,Scrum Master,34.2,,45,2025-08-15,,,65.0,Selected,Onsite,Indore
APP0176,Dhruv Barad,Male,35,Nagpur,Maharashtra,B.Tech,Cloud Computing,"Brar, Chahal and Vasa Institute",2023,1,LTIMindtree,Data Analyst,Analytics,Python;Pandas;Power BI,Oracle Java,19.7,18.2,45,2025-05-08,93.0,71.0,72.0,Rejected,Hybrid,Gurgaon
APP0177,Lagan Lad,Female,23,Delhi,Delhi,MCA,Computer Science,Johal Ltd Institute,2019,7,Accenture,Data Scientist,Analytics,Python;Machine Learning;SQL,AWS Certified,11.5,8.5,30,2026-03-05,88.0,,82.0,Pending,Remote,Kochi
APP0178,Umang Varma,Female,30,Bangalore,Karnataka,MBA,Cyber Security,"Din, Lal and Rastogi Institute",2019,7,Accenture,DevOps Engineer,Cloud,Docker;Kubernetes;CI/CD,CEH,12.3,9.7,45,2025-04-25,61.0,90.0,71.0,Rejected,Hybrid,Bangalore
APP0179,Arnav Walla,Male,36,Noida,Uttar Pradesh,B.Tech,Cloud Computing,Tandon LLC Institute,2017,7,Cognizant,Cyber Security Analyst,Security,Network Security;Python;SIEM,,29.6,27.0,45,2025-06-02,66.0,,,Rejected,Hybrid,Ahmedabad
APP0180,Ayesha Sachdeva,Female,34,Jaipur,Rajasthan,M.Tech,Software Engineering,"Comar, Bedi and Atwal Institute",2025,1,LTIMindtree,Cyber Security Analyst,Security,Network Security;Python;SIEM,AWS Certified,20.0,18.0,90,2025-06-01,,80.0,,Pending,Onsite,Kochi
APP0181,Shanaya Sethi,Male,36,Bangalore,Karnataka,B.E.,Cyber Security,Kumer LLC Institute,2016,8,LTIMindtree,Frontend Developer,Web Development,HTML;CSS;React,Scrum Master,10.9,7.8,30,2025-05-31,,,70.0,Pending,Hybrid,Ahmedabad
APP0182,Neelofar Sharaf,Male,23,Mumbai,Maharashtra,M.Tech,Data Science,Raja-Goda Institute,2024,2,Oracle,DevOps Engineer,Cloud,Docker;Kubernetes;CI/CD,Azure AI,27.1,24.9,60,2025-08-29,,,89.0,Pending,Hybrid,Delhi
APP0183,Tanya Garg,Male,31,Pune,Maharashtra,MBA,Computer Science,Chahal Inc Institute,2026,0,,AI Engineer,AI/ML,Python;TensorFlow;NLP,AWS Certified,14.6,,60,2025-06-20,89.0,,,Rejected,Remote,Indore
APP0184,Eva Kadakia,Female,33,Indore,Madhya Pradesh,B.Tech,Computer Science,Gala-Aurora Institute,2020,6,Oracle,Machine Learning Engineer,AI/ML,Scikit-learn;Python;Deep Learning,Oracle Java,19.2,15.1,45,2026-05-10,65.0,,,Selected,Hybrid,Indore
APP0185,Gokul Singh,Female,26,Kochi,Kerala,B.Tech,Computer Science,"Biswas, Chaudhry and Shanker Institute",2025,1,Cognizant,Product Analyst,Product,Analytics;Agile;SQL,IBM AI,25.0,21.5,60,2025-07-16,75.0,,68.0,Pending,Onsite,Kolkata
APP0186,Zoya Sahota,Male,25,Gurgaon,Haryana,B.E.,Computer Science,Dubey-D’Alia Institute,2021,3,HCL,Frontend Developer,Web Development,HTML;CSS;React,Scrum Master,34.9,32.5,30,2025-04-27,,72.0,85.0,Selected,Hybrid,Jaipur
APP0187,Kavya Comar,Female,33,Ahmedabad,Gujarat,B.Tech,Cyber Security,Srinivas-Ramachandran Institute,2021,3,IBM,Java Developer,Software Development,Java;Spring Boot;MySQL,Google Data Analytics,11.9,8.8,30,2025-08-02,63.0,66.0,63.0,Pending,Onsite,Ahmedabad
APP0188,Diya Joshi,Male,36,Pune,Maharashtra,B.E.,Data Science,Sandhu-Dugal Institute,2021,3,,Cyber Security Analyst,Security,Network Security;Python;SIEM,IBM AI,7.1,4.0,90,2026-02-06,,66.0,78.0,Selected,Hybrid,Jaipur
APP0189,Yasmin Kale,Male,24,Delhi,Delhi,M.Sc Data Science,Business Analytics,Ramanathan Ltd Institute,2026,0,,Cyber Security Analyst,Security,Network Security;Python;SIEM,Google Data Analytics,21.0,,15,2025-12-10,,81.0,60.0,Pending,Remote,Jaipur
APP0190,Adira Kara,Male,30,Jaipur,Rajasthan,MCA,Cloud Computing,Ram-Borde Institute,2023,1,Accenture,Data Scientist,Analytics,Python;Machine Learning;SQL,Azure AI,11.2,6.2,15,2026-03-24,,89.0,66.0,Selected,Remote,Kochi
APP0191,Nayantara Sule,Female,35,Nagpur,Maharashtra,MCA,Software Engineering,"Thakur, Sama and Dey Institute",2023,2,LTIMindtree,Machine Learning Engineer,AI/ML,Scikit-learn;Python;Deep Learning,Microsoft Power BI,31.7,26.9,60,2025-07-25,77.0,,71.0,Pending,Remote,Mumbai
APP0192,Mamooty Doshi,Male,36,Nagpur,Maharashtra,M.Tech,Information Technology,Wadhwa-Karpe Institute,2026,0,,Java Developer,Software Development,Java;Spring Boot;MySQL,CEH,16.9,,60,2026-03-18,,,82.0,Selected,Remote,Hyderabad
APP0193,Yuvraj  Singh,Female,33,Ahmedabad,Gujarat,B.E.,Computer Science,Sengupta-Krishna Institute,2024,0,,Frontend Developer,Web Development,HTML;CSS;React,AWS Certified,30.9,,30,2025-09-04,93.0,,87.0,Pending,Hybrid,Kochi
APP0194,Kiara Bala,Male,23,Noida,Uttar Pradesh,M.Tech,Business Analytics,Hayer Ltd Institute,2025,0,,Machine Learning Engineer,AI/ML,Scikit-learn;Python;Deep Learning,,13.9,,60,2025-07-26,,63.0,,Selected,Hybrid,Noida
APP0195,Kaira Chowdhury,Male,35,Chennai,Tamil Nadu,MCA,Cloud Computing,"Bora, Sundaram and Sheth Institute",2020,4,TCS,Data Scientist,Analytics,Python;Machine Learning;SQL,Oracle Java,24.3,22.9,60,2026-04-01,86.0,95.0,,Rejected,Onsite,Indore
APP0196,Anahi Sarraf,Female,24,Kolkata,West Bengal,B.Tech,AI & ML,Jaggi-Jaggi Institute,2016,8,IBM,BI Developer,Analytics,Power BI;DAX;SQL,,15.3,12.5,60,2025-10-08,66.0,,,Selected,Hybrid,Kolkata
APP0197,Sumer Mander,Female,35,Bangalore,Karnataka,MBA,AI & ML,Dhingra Ltd Institute,2025,0,,Cloud Engineer,Cloud,AWS;Azure;Linux,Microsoft Power BI,10.7,,15,2026-01-31,,,62.0,Pending,Onsite,Pune
APP0198,Sumer Ramesh,Female,34,Gurgaon,Haryana,BCA,Data Science,Keer-Ramesh Institute,2019,6,Cognizant,Database Administrator,Database,Oracle;SQL Server;Backup,CEH,32.7,28.6,45,2025-09-16,71.0,68.0,,Rejected,Hybrid,Indore
APP0199,Rohan Bhandari,Female,32,Nagpur,Maharashtra,MBA,AI & ML,Saraf PLC Institute,2021,3,LTIMindtree,AI Engineer,AI/ML,Python;TensorFlow;NLP,,25.7,21.7,30,2025-11-16,,95.0,72.0,Pending,Onsite,Jaipur
APP0200,Anay Uppal,Female,25,Ahmedabad,Gujarat,B.Tech,Computer Science,Baral Inc Institute,2018,8,Capgemini,Frontend Developer,Web Development,HTML;CSS;React,IBM AI,27.6,24.4,30,2025-01-13,,87.0,93.0,Rejected,Onsite,Hyderabad
APP0201,Anahita D’Alia,Female,22,Nagpur,Maharashtra,M.Tech,Software Engineering,Krishna-Mane Institute,2017,8,Accenture,Java Developer,Software Development,Java;Spring Boot;MySQL,,10.3,7.1,45,2025-05-02,,66.0,,Pending,Remote,Pune
APP0202,Vanya Dixit,Male,23,Jaipur,Rajasthan,B.E.,AI & ML,"Grewal, Sangha and Mani Institute",2023,1,LTIMindtree,QA Engineer,Testing,Selenium;Java;Manual Testing,Scrum Master,30.9,26.5,15,2025-08-18,88.0,83.0,,Rejected,Remote,Delhi
APP0203,Indranil Zachariah,Female,22,Hyderabad,Telangana,M.Sc Data Science,Cyber Security,Loke-Sandhu Institute,2025,1,IBM,Project Manager,Management,Agile;Scrum;Leadership,,9.0,4.6,90,2026-04-21,,,62.0,Rejected,Remote,Indore
APP0204,Elakshi Brar,Male,31,Jaipur,Rajasthan,MCA,Cloud Computing,Ghosh LLC Institute,2021,5,Cognizant,Frontend Developer,Web Development,HTML;CSS;React,Oracle Java,33.7,30.6,90,2025-04-24,92.0,,,Pending,Hybrid,Gurgaon
APP0205,Sana Srivastava,Female,38,Kochi,Kerala,MBA,Cyber Security,Apte-Karnik Institute,2024,0,,Python Developer,Software Development,Python;Django;SQL,AWS Certified,14.7,,90,2025-07-17,75.0,,84.0,Rejected,Onsite,Indore
APP0206,Trisha Dayal,Male,27,Gurgaon,Haryana,MBA,Data Science,"Chowdhury, Wason and Ramaswamy Institute",2022,4,Persistent,Business Analyst,Business Intelligence,Excel;SQL;Analytics,CEH,13.2,9.6,15,2025-11-17,80.0,66.0,94.0,Selected,Onsite,Kochi
APP0207,Abram Madan,Female,38,Jaipur,Rajasthan,B.Tech,Data Science,"Handa, Khanna and Dass Institute",2019,7,Cognizant,Database Administrator,Database,Oracle;SQL Server;Backup,CEH,27.2,25.6,60,2025-04-02,,62.0,64.0,Rejected,Onsite,Delhi
APP0208,Biju Sama,Male,30,Delhi,Delhi,M.Sc Data Science,Cyber Security,"Gade, Ram and Ram Institute",2025,0,,Frontend Developer,Web Development,HTML;CSS;React,,24.9,,15,2026-04-21,94.0,64.0,,Rejected,Hybrid,Delhi
APP0209,Ranbir Tailor,Male,24,Delhi,Delhi,B.Tech,Computer Science,"Borra, Rajagopalan and Shukla Institute",2022,4,HCL,Python Developer,Software Development,Python;Django;SQL,,20.5,19.0,60,2025-10-11,,,83.0,Pending,Onsite,Mumbai
APP0210,Gokul Karnik,Male,26,Hyderabad,Telangana,MBA,Computer Science,"Dhaliwal, Comar and Gola Institute",2016,8,,Cloud Engineer,Cloud,AWS;Azure;Linux,Scrum Master,32.0,29.6,60,2025-04-10,86.0,70.0,,Pending,Onsite,Mumbai
APP0211,Aaryahi Dewan,Male,27,Hyderabad,Telangana,MCA,Business Analytics,Kumar-Ahluwalia Institute,2025,1,IBM,Data Analyst,Analytics,Python;Pandas;Power BI,ISTQB,10.1,6.8,90,2025-11-14,,68.0,,Pending,Hybrid,Jaipur
APP0212,Jayan Chana,Female,29,Kolkata,West Bengal,M.Sc Data Science,Cloud Computing,"Hegde, Subramanian and Keer Institute",2018,6,Wipro,AI Engineer,AI/ML,Python;TensorFlow;NLP,,15.3,13.0,45,2025-12-31,87.0,,75.0,Rejected,Hybrid,Noida
APP0213,Samar Arora,Male,21,Chennai,Tamil Nadu,M.Sc Data Science,Computer Science,Sharaf Inc Institute,2020,4,HCL,Cyber Security Analyst,Security,Network Security;Python;SIEM,,7.4,3.8,60,2026-01-08,,68.0,76.0,Pending,Remote,Bhubaneswar
APP0214,Anika Dugar,Male,33,Pune,Maharashtra,MCA,Computer Science,Sankaran Ltd Institute,2023,1,Persistent,Project Manager,Management,Agile;Scrum;Leadership,Oracle Java,31.7,28.5,90,2025-08-26,,85.0,78.0,Pending,Remote,Indore
APP0215,Khushi Sama,Male,29,Gurgaon,Haryana,MCA,Data Science,Char Inc Institute,2022,4,TCS,AI Engineer,AI/ML,Python;TensorFlow;NLP,,9.6,4.8,30,2025-04-29,,82.0,,Pending,Hybrid,Delhi
APP0216,Rania Chopra,Female,32,Noida,Uttar Pradesh,BCA,Information Technology,Solanki and Sons Institute,2026,0,,Business Analyst,Business Intelligence,Excel;SQL;Analytics,Scrum Master,34.4,,45,2025-07-12,80.0,,76.0,Rejected,Remote,Gurgaon
APP0217,Zara Mani,Female,27,Delhi,Delhi,B.E.,AI & ML,Sani and Sons Institute,2023,2,Wipro,Backend Developer,Software Development,Node.js;MongoDB;APIs,ISTQB,28.6,24.1,90,2025-09-21,60.0,88.0,74.0,Pending,Remote,Ahmedabad
APP0218,Samaira Chauhan,Male,25,Bangalore,Karnataka,BCA,AI & ML,Mani-Srivastava Institute,2015,10,Wipro,Database Administrator,Database,Oracle;SQL Server;Backup,,26.3,23.4,90,2025-05-05,,73.0,86.0,Selected,Onsite,Nagpur
APP0219,Nakul Sibal,Female,26,Pune,Maharashtra,B.E.,Software Engineering,Sankaran LLC Institute,2025,1,HCL,Machine Learning Engineer,AI/ML,Scikit-learn;Python;Deep Learning,,20.0,17.4,90,2026-03-21,,65.0,,Selected,Onsite,Ahmedabad
APP0220,Seher Bhatt,Male,27,Gurgaon,Haryana,BCA,Software Engineering,Iyer PLC Institute,2024,0,,QA Engineer,Testing,Selenium;Java;Manual Testing,Google Data Analytics,25.3,,90,2025-02-25,89.0,,84.0,Selected,Remote,Noida
APP0221,Mahika Balakrishnan,Male,37,Bhubaneswar,Odisha,M.Tech,Data Science,"Raju, Bhattacharyya and Gour Institute",2014,10,,Java Developer,Software Development,Java;Spring Boot;MySQL,Microsoft Power BI,19.6,18.1,60,2025-07-09,90.0,98.0,,Rejected,Onsite,Indore
APP0222,Vihaan Chopra,Male,37,Jaipur,Rajasthan,B.Tech,Computer Science,Balay Inc Institute,2023,3,Accenture,Data Scientist,Analytics,Python;Machine Learning;SQL,,11.9,7.8,30,2025-01-03,,,76.0,Pending,Hybrid,Delhi
APP0223,Shaan Talwar,Female,27,Chennai,Tamil Nadu,M.Tech,Business Analytics,Manne-Balan Institute,2025,0,,Data Scientist,Analytics,Python;Machine Learning;SQL,Google Data Analytics,24.2,,45,2025-12-15,,,,Pending,Onsite,Noida
APP0224,Ivana Wadhwa,Female,31,Hyderabad,Telangana,M.Sc Data Science,Computer Science,Balan-Hora Institute,2019,6,Wipro,Cyber Security Analyst,Security,Network Security;Python;SIEM,CEH,28.0,25.4,15,2025-04-20,68.0,,70.0,Selected,Remote,Noida
APP0225,Jiya Jain,Female,22,Bhubaneswar,Odisha,M.Sc Data Science,AI & ML,"Toor, Talwar and Rattan Institute",2026,0,,Database Administrator,Database,Oracle;SQL Server;Backup,,12.2,,60,2025-11-11,83.0,98.0,,Rejected,Remote,Bangalore
APP0226,Aayush Konda,Male,26,Kochi,Kerala,B.Tech,Cyber Security,"Lad, Rao and Khalsa Institute",2025,1,,Product Analyst,Product,Analytics;Agile;SQL,CEH,5.0,1.6,45,2025-12-02,93.0,70.0,83.0,Pending,Hybrid,Delhi
APP0227,Sahil Dua,Male,35,Kolkata,West Bengal,M.Tech,Computer Science,Kala-Kade Institute,2021,5,Cognizant,Cloud Engineer,Cloud,AWS;Azure;Linux,Google Data Analytics,26.8,25.5,60,2025-04-26,,,,Pending,Remote,Gurgaon
APP0228,Ryan Datta,Female,35,Mumbai,Maharashtra,MBA,Business Analytics,Malhotra-Varkey Institute,2024,1,HCL,Product Analyst,Product,Analytics;Agile;SQL,AWS Certified,33.4,29.2,60,2026-01-23,,,90.0,Selected,Hybrid,Mumbai
APP0229,Ehsaan Khosla,Female,23,Delhi,Delhi,BCA,AI & ML,Mani Inc Institute,2017,7,IBM,DevOps Engineer,Cloud,Docker;Kubernetes;CI/CD,ISTQB,11.1,8.8,45,2025-07-24,82.0,76.0,78.0,Selected,Onsite,Hyderabad
APP0230,Nishith Saran,Male,24,Nagpur,Maharashtra,B.Tech,Business Analytics,"Jain, Garg and Mall Institute",2020,4,HCL,Cloud Engineer,Cloud,AWS;Azure;Linux,AWS Certified,10.2,6.3,90,2025-03-21,76.0,,,Selected,Hybrid,Chennai
APP0231,Prisha Magar,Female,36,Kolkata,West Bengal,BCA,Computer Science,"Khosla, Kulkarni and Thakkar Institute",2020,4,Oracle,Frontend Developer,Web Development,HTML;CSS;React,ISTQB,30.9,27.9,60,2025-09-27,,85.0,68.0,Pending,Remote,Noida
APP0232,Miraya Sagar,Female,26,Mumbai,Maharashtra,BCA,Cyber Security,Sinha-Kanda Institute,2021,4,Capgemini,Product Analyst,Product,Analytics;Agile;SQL,IBM AI,25.4,24.4,60,2025-11-10,,,,Pending,Hybrid,Chennai
APP0233,Taimur Sundaram,Male,24,Nagpur,Maharashtra,MBA,Cyber Security,"Gupta, Dutt and Raj Institute",2023,3,,BI Developer,Analytics,Power BI;DAX;SQL,Oracle Java,17.0,13.0,90,2025-10-22,,,71.0,Rejected,Hybrid,Bangalore
APP0234,Sana Cheema,Male,26,Nagpur,Maharashtra,B.Tech,Data Science,Kari-Bera Institute,2022,4,Cognizant,AI Engineer,AI/ML,Python;TensorFlow;NLP,Microsoft Power BI,9.5,6.5,15,2025-07-23,,,76.0,Rejected,Onsite,Chennai
APP0235,Lakshay Kuruvilla,Male,30,Hyderabad,Telangana,MCA,Cloud Computing,Hayre Inc Institute,2022,2,Persistent,Backend Developer,Software Development,Node.js;MongoDB;APIs,Scrum Master,21.3,17.1,60,2025-10-23,82.0,86.0,82.0,Pending,Hybrid,Bhubaneswar
APP0236,Lagan Varughese,Female,28,Mumbai,Maharashtra,MCA,Cloud Computing,Brahmbhatt-Guha Institute,2019,6,Persistent,Full Stack Developer,Web Development,React;Node.js;SQL,IBM AI,18.4,13.6,45,2025-03-24,,,64.0,Pending,Onsite,Delhi
APP0237,Divit Bakshi,Male,29,Hyderabad,Telangana,MBA,Information Technology,Lad-Suri Institute,2015,10,Capgemini,Business Analyst,Business Intelligence,Excel;SQL;Analytics,Google Data Analytics,27.2,24.1,60,2026-01-08,,70.0,61.0,Selected,Remote,Mumbai
APP0238,Ira Bumb,Male,28,Bhubaneswar,Odisha,MBA,Cyber Security,"Dubey, Hegde and Uppal Institute",2021,5,IBM,BI Developer,Analytics,Power BI;DAX;SQL,,4.8,2.2,30,2025-06-08,65.0,76.0,,Selected,Onsite,Kochi
APP0239,Chirag Borah,Male,35,Nagpur,Maharashtra,MBA,Software Engineering,Thakur and Sons Institute,2024,0,,Python Developer,Software Development,Python;Django;SQL,Scrum Master,15.1,,90,2025-03-11,,,,Rejected,Hybrid,Noida
APP0240,Aaina Chatterjee,Female,36,Gurgaon,Haryana,BCA,Computer Science,"Barad, Balay and Soni Institute",2016,10,LTIMindtree,DevOps Engineer,Cloud,Docker;Kubernetes;CI/CD,Microsoft Power BI,17.7,15.2,60,2025-06-26,76.0,79.0,60.0,Rejected,Remote,Indore
APP0241,Nitara Chada,Female,33,Delhi,Delhi,B.E.,Cyber Security,Ramesh PLC Institute,2020,6,Infosys,Cyber Security Analyst,Security,Network Security;Python;SIEM,CEH,28.7,25.5,30,2025-03-25,,,85.0,Pending,Onsite,Indore
APP0242,Rhea Chacko,Female,35,Jaipur,Rajasthan,MCA,Business Analytics,"Gara, Sidhu and Yadav Institute",2023,1,Capgemini,QA Engineer,Testing,Selenium;Java;Manual Testing,ISTQB,27.0,22.8,15,2025-02-26,86.0,64.0,,Selected,Remote,Gurgaon
APP0243,Dhruv Cherian,Male,31,Pune,Maharashtra,M.Tech,Cyber Security,"Upadhyay, Kannan and Varma Institute",2025,0,,Machine Learning Engineer,AI/ML,Scikit-learn;Python;Deep Learning,Microsoft Power BI,12.3,,45,2025-09-10,88.0,74.0,69.0,Rejected,Onsite,Indore
APP0244,Urvi Boase,Female,33,Pune,Maharashtra,M.Sc Data Science,Computer Science,Kunda-Singh Institute,2026,0,,Frontend Developer,Web Development,HTML;CSS;React,Azure AI,5.7,,30,2026-04-04,85.0,,71.0,Rejected,Hybrid,Bangalore
APP0245,Ehsaan D’Alia,Male,38,Jaipur,Rajasthan,BCA,Information Technology,"Kapur, Atwal and Kari Institute",2024,1,Cognizant,Java Developer,Software Development,Java;Spring Boot;MySQL,Microsoft Power BI,26.8,25.4,45,2025-11-19,,,80.0,Selected,Hybrid,Bhubaneswar
APP0246,Tara Shanker,Male,21,Pune,Maharashtra,B.Tech,Business Analytics,Khanna PLC Institute,2026,0,,Cloud Engineer,Cloud,AWS;Azure;Linux,,23.6,,30,2026-02-09,80.0,,,Rejected,Remote,Bangalore
APP0247,Ayesha Ramanathan,Female,28,Nagpur,Maharashtra,MCA,Cloud Computing,Agate Inc Institute,2024,0,,BI Developer,Analytics,Power BI;DAX;SQL,Microsoft Power BI,23.2,,30,2025-03-06,63.0,82.0,94.0,Selected,Onsite,Delhi
APP0248,Aaryahi Chhabra,Female,29,Chennai,Tamil Nadu,M.Sc Data Science,AI & ML,Goel Group Institute,2025,1,Infosys,AI Engineer,AI/ML,Python;TensorFlow;NLP,Scrum Master,19.0,16.2,30,2025-06-15,,72.0,,Rejected,Hybrid,Kochi
APP0249,Stuvan Talwar,Male,38,Hyderabad,Telangana,M.Sc Data Science,Software Engineering,"Ganesh, Bhat and Gera Institute",2023,2,Capgemini,Project Manager,Management,Agile;Scrum;Leadership,Scrum Master,4.0,0.4,60,2026-01-05,84.0,,,Pending,Remote,Kolkata
APP0250,Dhruv Keer,Female,27,Hyderabad,Telangana,B.Tech,Computer Science,Sampath-Sengupta Institute,2021,3,HCL,Frontend Developer,Web Development,HTML;CSS;React,,14.0,12.6,60,2025-02-24,64.0,68.0,62.0,Pending,Hybrid,Gurgaon
APP0251,Eva Vohra,Male,32,Kolkata,West Bengal,BCA,Software Engineering,Rama-Wali Institute,2025,0,,QA Engineer,Testing,Selenium;Java;Manual Testing,ISTQB,10.8,,15,2026-02-15,64.0,,,Pending,Hybrid,Gurgaon
APP0252,Emir Kuruvilla,Male,26,Pune,Maharashtra,BCA,Software Engineering,Sanghvi PLC Institute,2025,1,LTIMindtree,Data Analyst,Analytics,Python;Pandas;Power BI,Azure AI,33.3,28.5,90,2025-09-27,66.0,,72.0,Rejected,Onsite,Noida
APP0253,Jayan Deol,Female,31,Jaipur,Rajasthan,BCA,Cloud Computing,"Thaker, Sagar and Joshi Institute",2026,0,,Database Administrator,Database,Oracle;SQL Server;Backup,ISTQB,28.6,,60,2026-04-23,,,,Pending,Hybrid,Kochi
APP0254,Badal Balakrishnan,Male,30,Jaipur,Rajasthan,BCA,Computer Science,Loyal Group Institute,2020,6,Oracle,Frontend Developer,Web Development,HTML;CSS;React,Google Data Analytics,21.5,19.6,45,2025-01-01,,,,Selected,Hybrid,Bangalore
APP0255,Manikya Sahota,Male,29,Bangalore,Karnataka,MCA,Data Science,"Srinivas, Gour and Dutt Institute",2024,0,,Frontend Developer,Web Development,HTML;CSS;React,Oracle Java,29.5,,45,2025-03-21,95.0,66.0,,Rejected,Remote,Kolkata
APP0256,Rhea Chatterjee,Female,23,Delhi,Delhi,M.Sc Data Science,Computer Science,Suri-Bava Institute,2018,8,,Cloud Engineer,Cloud,AWS;Azure;Linux,ISTQB,26.4,22.2,45,2026-01-10,,96.0,79.0,Rejected,Hybrid,Bhubaneswar
APP0257,Taran Dar,Male,31,Kochi,Kerala,BCA,Data Science,"Kunda, Karpe and Mannan Institute",2016,10,Wipro,Data Scientist,Analytics,Python;Machine Learning;SQL,AWS Certified,27.2,22.8,60,2025-06-13,,,93.0,Rejected,Onsite,Kolkata
APP0258,Alisha Chad,Male,33,Gurgaon,Haryana,BCA,Software Engineering,"Gokhale, Sawhney and Doctor Institute",2024,1,,Data Analyst,Analytics,Python;Pandas;Power BI,Google Data Analytics,13.0,10.4,30,2025-05-15,,,,Rejected,Onsite,Bangalore
APP0259,Kismat Baral,Male,24,Noida,Uttar Pradesh,MBA,Software Engineering,Shanker-Sheth Institute,2017,7,Accenture,Full Stack Developer,Web Development,React;Node.js;SQL,ISTQB,10.1,6.6,45,2025-06-15,93.0,75.0,,Selected,Hybrid,Chennai
APP0260,Inaaya  Bhatnagar,Female,25,Kolkata,West Bengal,M.Sc Data Science,Information Technology,"Raj, Dua and Dora Institute",2015,10,Infosys,Python Developer,Software Development,Python;Django;SQL,AWS Certified,9.2,6.8,30,2025-12-17,88.0,88.0,74.0,Pending,Remote,Kochi
APP0261,Tanya Bora,Male,27,Kochi,Kerala,BCA,Cyber Security,"Sarin, Sood and Bajaj Institute",2025,0,,Cyber Security Analyst,Security,Network Security;Python;SIEM,Scrum Master,25.5,,60,2025-04-18,,,,Pending,Onsite,Nagpur
APP0262,Inaaya  Madan,Female,21,Jaipur,Rajasthan,B.Tech,Software Engineering,Baral Group Institute,2021,3,Persistent,Python Developer,Software Development,Python;Django;SQL,IBM AI,32.1,29.0,45,2025-01-28,76.0,,,Selected,Remote,Hyderabad
APP0263,Alia Guha,Female,38,Kochi,Kerala,MBA,Computer Science,Kunda and Sons Institute,2024,1,TCS,Full Stack Developer,Web Development,React;Node.js;SQL,Oracle Java,19.8,16.0,90,2025-09-14,,98.0,71.0,Rejected,Hybrid,Noida
APP0264,Umang Gulati,Female,21,Delhi,Delhi,BCA,Cyber Security,Gole LLC Institute,2025,0,,Machine Learning Engineer,AI/ML,Scikit-learn;Python;Deep Learning,Oracle Java,25.2,,30,2026-03-26,,,,Rejected,Hybrid,Ahmedabad
APP0265,Abram Wali,Female,35,Nagpur,Maharashtra,BCA,AI & ML,Rama Ltd Institute,2017,8,Capgemini,Data Analyst,Analytics,Python;Pandas;Power BI,,20.1,16.4,30,2026-04-11,,75.0,,Pending,Onsite,Ahmedabad
APP0266,Jayesh Dar,Male,26,Indore,Madhya Pradesh,MCA,AI & ML,"Venkataraman, Gulati and Shanker Institute",2025,0,,Cloud Engineer,Cloud,AWS;Azure;Linux,AWS Certified,25.3,,45,2025-02-04,93.0,87.0,,Rejected,Hybrid,Hyderabad
APP0267,Badal Sachdev,Male,32,Noida,Uttar Pradesh,B.Tech,Business Analytics,Arya-Kalita Institute,2026,0,,QA Engineer,Testing,Selenium;Java;Manual Testing,Google Data Analytics,7.3,,90,2025-12-18,71.0,77.0,74.0,Pending,Hybrid,Jaipur
APP0268,Indranil Bhandari,Male,29,Ahmedabad,Gujarat,M.Tech,Data Science,"Doctor, Arora and Mangal Institute",2025,0,,Backend Developer,Software Development,Node.js;MongoDB;APIs,,19.2,,30,2026-01-27,68.0,72.0,,Selected,Remote,Nagpur
APP0269,Ritvik Date,Male,37,Bhubaneswar,Odisha,B.Tech,Business Analytics,Kohli-Chacko Institute,2019,6,IBM,Business Analyst,Business Intelligence,Excel;SQL;Analytics,AWS Certified,25.3,20.8,30,2025-07-21,,85.0,,Pending,Onsite,Delhi
APP0270,Saanvi Brahmbhatt,Female,35,Jaipur,Rajasthan,B.E.,Software Engineering,Ramakrishnan Ltd Institute,2020,5,Cognizant,Java Developer,Software Development,Java;Spring Boot;MySQL,,20.0,16.5,15,2026-02-01,63.0,,,Pending,Onsite,Bhubaneswar
APP0271,Taran Sant,Male,35,Nagpur,Maharashtra,BCA,Data Science,Agarwal-Deshpande Institute,2018,7,IBM,Business Analyst,Business Intelligence,Excel;SQL;Analytics,Azure AI,6.8,3.8,45,2025-01-13,71.0,,,Rejected,Onsite,Ahmedabad
APP0272,Eshani Mand,Female,22,Bhubaneswar,Odisha,M.Sc Data Science,AI & ML,"Reddy, Shetty and Gole Institute",2016,8,Tech Mahindra,Machine Learning Engineer,AI/ML,Scikit-learn;Python;Deep Learning,,7.8,6.3,30,2025-07-13,,,92.0,Selected,Remote,Nagpur
APP0273,Azad Deol,Female,21,Indore,Madhya Pradesh,M.Tech,Business Analytics,"Thakkar, Tiwari and Chana Institute",2022,3,IBM,Java Developer,Software Development,Java;Spring Boot;MySQL,Scrum Master,13.6,9.5,15,2025-01-02,,71.0,68.0,Pending,Hybrid,Bangalore
APP0274,Zara Sarkar,Male,25,Bangalore,Karnataka,B.Tech,Cloud Computing,Sharaf-Chaudhuri Institute,2021,4,TCS,BI Developer,Analytics,Power BI;DAX;SQL,Google Data Analytics,17.7,14.3,15,2025-01-26,60.0,,95.0,Pending,Onsite,Kochi
APP0275,Divit Dhaliwal,Male,23,Kolkata,West Bengal,M.Sc Data Science,Cyber Security,"Chaudry, Sathe and Reddy Institute",2024,2,Tech Mahindra,Cyber Security Analyst,Security,Network Security;Python;SIEM,,5.5,2.8,60,2026-04-22,71.0,78.0,,Selected,Hybrid,Kochi
APP0276,Trisha De,Male,22,Gurgaon,Haryana,B.Tech,Information Technology,Borra and Sons Institute,2024,1,IBM,Data Analyst,Analytics,Python;Pandas;Power BI,,8.2,4.4,45,2025-12-23,,,93.0,Rejected,Onsite,Kochi
APP0277,Madhup Balasubramanian,Male,30,Chennai,Tamil Nadu,B.E.,Computer Science,Chada LLC Institute,2019,5,Infosys,QA Engineer,Testing,Selenium;Java;Manual Testing,AWS Certified,34.8,32.4,60,2026-03-29,,,91.0,Pending,Remote,Jaipur
APP0278,Gatik Basak,Female,29,Kochi,Kerala,M.Sc Data Science,Information Technology,Ramesh Group Institute,2014,10,Cognizant,Cloud Engineer,Cloud,AWS;Azure;Linux,IBM AI,35.0,32.3,90,2025-12-20,,95.0,60.0,Pending,Hybrid,Indore
APP0279,Vivaan Vora,Female,22,Pune,Maharashtra,MBA,AI & ML,Sen Inc Institute,2018,7,IBM,Data Scientist,Analytics,Python;Machine Learning;SQL,Google Data Analytics,14.6,10.7,60,2026-04-15,61.0,,,Pending,Hybrid,Noida
APP0280,Neysa Sani,Male,29,Indore,Madhya Pradesh,M.Sc Data Science,Computer Science,Apte PLC Institute,2018,8,Tech Mahindra,Database Administrator,Database,Oracle;SQL Server;Backup,CEH,29.9,27.7,90,2026-05-12,80.0,,82.0,Selected,Onsite,Kolkata
APP0281,Ishaan Sami,Male,32,Delhi,Delhi,M.Tech,Cyber Security,Dass-Kumer Institute,2020,6,Capgemini,Machine Learning Engineer,AI/ML,Scikit-learn;Python;Deep Learning,Scrum Master,30.8,26.8,45,2026-03-26,80.0,,,Selected,Remote,Chennai
APP0282,Nitara Dugal,Female,37,Indore,Madhya Pradesh,MCA,Cloud Computing,"Jaggi, Hegde and Thakkar Institute",2016,10,Wipro,Java Developer,Software Development,Java;Spring Boot;MySQL,Azure AI,32.3,29.5,90,2026-04-18,,92.0,,Pending,Remote,Bangalore
APP0283,Biju Bahl,Male,24,Jaipur,Rajasthan,BCA,Cyber Security,Sarin PLC Institute,2021,4,TCS,Java Developer,Software Development,Java;Spring Boot;MySQL,,26.1,23.0,45,2026-04-01,,62.0,,Pending,Remote,Chennai
APP0284,Tushar Solanki,Male,27,Bangalore,Karnataka,BCA,Cloud Computing,"Dani, Yogi and Gulati Institute",2024,1,Oracle,Cloud Engineer,Cloud,AWS;Azure;Linux,ISTQB,20.5,16.4,45,2025-01-08,,69.0,77.0,Selected,Onsite,Indore
APP0285,Darshit Sura,Male,24,Hyderabad,Telangana,M.Tech,Computer Science,Tara Ltd Institute,2026,0,,DevOps Engineer,Cloud,Docker;Kubernetes;CI/CD,Azure AI,13.7,,60,2026-04-08,,63.0,,Rejected,Remote,Jaipur
APP0286,Advika Shere,Female,30,Kolkata,West Bengal,MBA,Business Analytics,"Khalsa, Sodhi and Khurana Institute",2019,6,IBM,Business Analyst,Business Intelligence,Excel;SQL;Analytics,Oracle Java,13.7,9.4,30,2025-02-19,94.0,89.0,,Selected,Onsite,Hyderabad
APP0287,Urvi Acharya,Female,36,Bhubaneswar,Odisha,M.Tech,AI & ML,Vaidya Group Institute,2023,3,Cognizant,Backend Developer,Software Development,Node.js;MongoDB;APIs,ISTQB,25.7,22.0,90,2025-02-27,,91.0,,Pending,Remote,Gurgaon
APP0288,Kartik Trivedi,Male,36,Mumbai,Maharashtra,M.Tech,Information Technology,"Rout, Kar and Tandon Institute",2018,8,Tech Mahindra,Full Stack Developer,Web Development,React;Node.js;SQL,Oracle Java,14.1,10.5,90,2025-10-08,,,75.0,Rejected,Hybrid,Kolkata
APP0289,Tejas Deshpande,Female,26,Indore,Madhya Pradesh,MCA,Software Engineering,Karnik Ltd Institute,2019,5,Infosys,Frontend Developer,Web Development,HTML;CSS;React,,11.3,7.6,15,2026-02-25,,,80.0,Pending,Onsite,Indore
APP0290,Shray Lanka,Female,33,Kochi,Kerala,BCA,Business Analytics,"Seth, Buch and Gera Institute",2023,2,Capgemini,Full Stack Developer,Web Development,React;Node.js;SQL,Oracle Java,24.0,22.8,45,2025-08-20,73.0,97.0,69.0,Rejected,Onsite,Indore
APP0291,Baiju Rau,Female,38,Bhubaneswar,Odisha,B.Tech,Computer Science,"Dugar, Bandi and Bedi Institute",2021,3,LTIMindtree,Cyber Security Analyst,Security,Network Security;Python;SIEM,Scrum Master,34.5,32.1,45,2025-02-01,65.0,,,Selected,Hybrid,Kochi
APP0292,Sumer Master,Male,36,Pune,Maharashtra,B.E.,Data Science,"Bhat, Sastry and Garde Institute",2021,3,Oracle,DevOps Engineer,Cloud,Docker;Kubernetes;CI/CD,CEH,22.3,18.8,45,2025-12-06,,,94.0,Rejected,Remote,Hyderabad
APP0293,Azad Chhabra,Female,35,Kochi,Kerala,M.Sc Data Science,Software Engineering,"Singhal, Sarraf and Kapur Institute",2026,0,,AI Engineer,AI/ML,Python;TensorFlow;NLP,,6.2,,30,2025-03-12,61.0,,68.0,Rejected,Onsite,Delhi
APP0294,Anahi Deep,Male,36,Gurgaon,Haryana,MBA,Cloud Computing,Dani Ltd Institute,2022,3,Infosys,Business Analyst,Business Intelligence,Excel;SQL;Analytics,,11.0,8.3,60,2025-01-18,,,,Pending,Remote,Nagpur
APP0295,Indrajit Subramanian,Male,31,Jaipur,Rajasthan,BCA,Computer Science,Lal PLC Institute,2015,10,IBM,Product Analyst,Product,Analytics;Agile;SQL,Microsoft Power BI,18.4,17.1,90,2025-11-10,65.0,90.0,,Rejected,Onsite,Jaipur
APP0296,Romil Shah,Female,21,Chennai,Tamil Nadu,MCA,Business Analytics,Sanghvi Inc Institute,2023,2,Infosys,Database Administrator,Database,Oracle;SQL Server;Backup,Google Data Analytics,13.0,11.9,90,2025-12-03,,,70.0,Selected,Hybrid,Hyderabad
APP0297,Reyansh Setty,Male,36,Nagpur,Maharashtra,B.E.,Computer Science,"Sama, Sant and Bhargava Institute",2024,1,Tech Mahindra,QA Engineer,Testing,Selenium;Java;Manual Testing,Azure AI,4.4,3.0,30,2026-02-05,71.0,,,Pending,Remote,Kochi
APP0298,Lakshit Chandran,Male,22,Noida,Uttar Pradesh,B.E.,Business Analytics,Bumb-Dugal Institute,2015,10,Accenture,Database Administrator,Database,Oracle;SQL Server;Backup,Microsoft Power BI,11.4,8.6,45,2026-01-22,70.0,,,Rejected,Onsite,Indore
APP0299,Chirag Bahl,Female,33,Bhubaneswar,Odisha,MBA,Cloud Computing,"Issac, Bora and Rajagopalan Institute",2024,1,Oracle,Project Manager,Management,Agile;Scrum;Leadership,,25.2,22.6,15,2026-04-20,76.0,,,Selected,Onsite,Ahmedabad
APP0300,Yuvraj  Bail,Male,37,Chennai,Tamil Nadu,MCA,AI & ML,Mahal Ltd Institute,2018,6,Tech Mahindra,Database Administrator,Database,Oracle;SQL Server;Backup,Scrum Master,30.6,28.3,15,2026-01-11,77.0,,89.0,Pending,Remote,Kochi
APP0301,Gatik Bandi,Male,22,Mumbai,Maharashtra,BCA,Data Science,Khalsa PLC Institute,2023,3,HCL,Python Developer,Software Development,Python;Django;SQL,,20.3,16.6,15,2025-01-13,82.0,,72.0,Pending,Remote,Mumbai
APP0302,Anahita Master,Male,35,Kochi,Kerala,MCA,Software Engineering,Bera Ltd Institute,2021,3,LTIMindtree,AI Engineer,AI/ML,Python;TensorFlow;NLP,,27.7,24.1,45,2025-12-05,71.0,,,Rejected,Remote,Indore
APP0303,Adah Bajwa,Male,33,Mumbai,Maharashtra,B.E.,Business Analytics,"Hayer, Ratti and Bhargava Institute",2016,10,Infosys,QA Engineer,Testing,Selenium;Java;Manual Testing,Google Data Analytics,15.9,13.6,90,2025-09-09,,76.0,88.0,Rejected,Remote,Kolkata
APP0304,Charvi Srinivasan,Male,22,Ahmedabad,Gujarat,MBA,Software Engineering,Ganesan Ltd Institute,2020,4,Cognizant,Data Scientist,Analytics,Python;Machine Learning;SQL,Google Data Analytics,12.0,10.9,45,2025-12-01,,88.0,91.0,Rejected,Onsite,Pune
APP0305,Damini Kalla,Female,31,Gurgaon,Haryana,MBA,Cyber Security,Dash-Shah Institute,2021,4,Accenture,BI Developer,Analytics,Power BI;DAX;SQL,AWS Certified,16.5,12.6,15,2025-10-18,,,90.0,Rejected,Onsite,Kochi
APP0306,Gatik Madan,Female,36,Chennai,Tamil Nadu,B.Tech,Business Analytics,Luthra Inc Institute,2021,4,LTIMindtree,Data Analyst,Analytics,Python;Pandas;Power BI,,24.1,22.4,30,2025-11-19,,,84.0,Selected,Remote,Pune
APP0307,Yasmin Kala,Male,31,Jaipur,Rajasthan,M.Sc Data Science,Computer Science,Chawla Group Institute,2021,4,Accenture,DevOps Engineer,Cloud,Docker;Kubernetes;CI/CD,Azure AI,6.0,2.8,30,2025-06-23,,,61.0,Pending,Onsite,Gurgaon
APP0308,Kimaya Bhavsar,Male,28,Noida,Uttar Pradesh,MBA,AI & ML,Kale LLC Institute,2024,0,,Project Manager,Management,Agile;Scrum;Leadership,AWS Certified,22.0,,30,2026-04-10,64.0,,,Pending,Remote,Bhubaneswar
APP0309,Mehul Basu,Female,33,Hyderabad,Telangana,MCA,Information Technology,Gade Ltd Institute,2020,4,Persistent,Data Scientist,Analytics,Python;Machine Learning;SQL,,9.3,5.9,90,2025-08-07,66.0,91.0,64.0,Selected,Hybrid,Kochi
APP0310,Alia Thakkar,Male,35,Indore,Madhya Pradesh,B.E.,Computer Science,Jha-Bumb Institute,2016,10,Wipro,Cloud Engineer,Cloud,AWS;Azure;Linux,Azure AI,22.4,20.1,90,2025-10-11,,,,Rejected,Remote,Pune
APP0311,Vritika Ghosh,Female,37,Bhubaneswar,Odisha,M.Tech,Software Engineering,Kara LLC Institute,2026,0,,BI Developer,Analytics,Power BI;DAX;SQL,Oracle Java,4.2,,30,2025-03-15,,,68.0,Pending,Onsite,Pune
APP0312,Hansh Goel,Male,37,Kolkata,West Bengal,B.Tech,Cloud Computing,Datta Group Institute,2017,8,,Machine Learning Engineer,AI/ML,Scikit-learn;Python;Deep Learning,Scrum Master,23.0,21.6,90,2025-04-09,,86.0,95.0,Selected,Hybrid,Indore
APP0313,Gatik Verma,Female,30,Ahmedabad,Gujarat,B.E.,Software Engineering,Sunder-Krishnan Institute,2025,1,Cognizant,Cloud Engineer,Cloud,AWS;Azure;Linux,,10.0,5.8,90,2025-11-27,,71.0,62.0,Rejected,Remote,Mumbai
APP0314,Sahil Jayaraman,Male,31,Jaipur,Rajasthan,B.E.,Information Technology,Bhandari and Sons Institute,2021,5,Tech Mahindra,Java Developer,Software Development,Java;Spring Boot;MySQL,Oracle Java,8.9,7.8,15,2025-08-03,92.0,64.0,,Selected,Onsite,Delhi
APP0315,Heer Ahuja,Female,25,Kochi,Kerala,M.Tech,Data Science,"Khurana, Solanki and Seth Institute",2023,3,Persistent,Cloud Engineer,Cloud,AWS;Azure;Linux,ISTQB,6.3,3.0,45,2025-07-18,,69.0,89.0,Selected,Hybrid,Nagpur
APP0316,Yuvraj  Grover,Male,38,Pune,Maharashtra,M.Sc Data Science,Data Science,Dani-Sodhi Institute,2025,1,Infosys,Java Developer,Software Development,Java;Spring Boot;MySQL,CEH,7.4,4.5,90,2026-02-09,86.0,81.0,78.0,Rejected,Remote,Kolkata
APP0317,Vidur Garg,Male,34,Noida,Uttar Pradesh,B.Tech,Computer Science,Mane-Uppal Institute,2025,1,IBM,Business Analyst,Business Intelligence,Excel;SQL;Analytics,Scrum Master,26.6,22.7,15,2026-04-13,75.0,,74.0,Rejected,Onsite,Delhi
APP0318,Aarav Srinivas,Male,21,Noida,Uttar Pradesh,M.Tech,Cyber Security,Chad-Ganesh Institute,2021,4,Wipro,Data Scientist,Analytics,Python;Machine Learning;SQL,Microsoft Power BI,11.5,8.3,90,2025-05-03,,73.0,,Pending,Onsite,Pune
APP0319,Priyansh Seshadri,Male,30,Noida,Uttar Pradesh,M.Tech,Cyber Security,Barad PLC Institute,2016,10,LTIMindtree,Business Analyst,Business Intelligence,Excel;SQL;Analytics,,31.1,28.5,90,2025-09-29,,60.0,,Pending,Remote,Indore
APP0320,Yashvi Barad,Male,32,Ahmedabad,Gujarat,MCA,AI & ML,Kaur Ltd Institute,2019,6,Persistent,Data Analyst,Analytics,Python;Pandas;Power BI,Scrum Master,26.8,25.6,15,2025-11-13,83.0,,,Pending,Onsite,Indore
APP0321,Anahita Buch,Male,23,Bangalore,Karnataka,MCA,Cloud Computing,Badami Ltd Institute,2024,2,IBM,AI Engineer,AI/ML,Python;TensorFlow;NLP,Microsoft Power BI,20.7,17.1,90,2025-05-22,73.0,,,Pending,Remote,Noida
APP0322,Tanya Dora,Male,30,Jaipur,Rajasthan,B.Tech,Information Technology,"Baral, Barad and Choudhry Institute",2017,7,Wipro,Project Manager,Management,Agile;Scrum;Leadership,IBM AI,31.9,29.1,15,2025-07-20,83.0,,65.0,Pending,Remote,Noida
APP0323,Jiya Bath,Male,30,Nagpur,Maharashtra,B.E.,Information Technology,"Toor, Bumb and Bose Institute",2019,5,TCS,Cloud Engineer,Cloud,AWS;Azure;Linux,,4.7,2.0,90,2026-01-13,94.0,,,Pending,Hybrid,Delhi
APP0324,Navya Tailor,Female,28,Kolkata,West Bengal,M.Tech,Cloud Computing,Rao PLC Institute,2017,7,Cognizant,Frontend Developer,Web Development,HTML;CSS;React,AWS Certified,28.4,25.5,30,2025-03-29,,,,Rejected,Hybrid,Noida
APP0325,Myra Malhotra,Male,35,Nagpur,Maharashtra,MCA,Cloud Computing,"Biswas, Sachdeva and Gour Institute",2016,8,Wipro,Machine Learning Engineer,AI/ML,Scikit-learn;Python;Deep Learning,Oracle Java,12.8,7.9,90,2025-10-22,69.0,75.0,,Pending,Remote,Ahmedabad
APP0326,Priyansh Brar,Male,35,Chennai,Tamil Nadu,MCA,AI & ML,Ben and Sons Institute,2025,0,,Backend Developer,Software Development,Node.js;MongoDB;APIs,AWS Certified,17.9,,90,2026-01-29,,67.0,,Pending,Hybrid,Ahmedabad
APP0327,Nirvaan Issac,Male,30,Jaipur,Rajasthan,B.Tech,Software Engineering,Buch-Dugar Institute,2021,4,HCL,Cyber Security Analyst,Security,Network Security;Python;SIEM,Oracle Java,34.1,30.1,60,2025-03-13,,81.0,90.0,Rejected,Remote,Chennai
APP0328,Jiya Kumer,Male,37,Pune,Maharashtra,M.Tech,Data Science,Bhatia-Bumb Institute,2018,6,IBM,Cloud Engineer,Cloud,AWS;Azure;Linux,ISTQB,10.9,6.2,90,2025-12-13,77.0,61.0,,Pending,Onsite,Pune
APP0329,Vivaan Deo,Female,38,Bhubaneswar,Odisha,B.Tech,Data Science,Sharma-Khanna Institute,2023,3,LTIMindtree,Backend Developer,Software Development,Node.js;MongoDB;APIs,Microsoft Power BI,26.2,23.5,60,2025-06-07,,,,Rejected,Hybrid,Nagpur
APP0330,Nayantara Vig,Female,23,Indore,Madhya Pradesh,B.Tech,Software Engineering,Kara-Wali Institute,2017,8,Persistent,Database Administrator,Database,Oracle;SQL Server;Backup,IBM AI,8.3,5.0,60,2025-02-03,65.0,,,Selected,Onsite,Noida
APP0331,Hansh Wali,Male,21,Jaipur,Rajasthan,B.E.,Cyber Security,Choudhury Group Institute,2025,1,Cognizant,AI Engineer,AI/ML,Python;TensorFlow;NLP,,29.8,27.6,60,2025-04-25,91.0,,,Selected,Onsite,Ahmedabad
APP0332,Dhruv Tara,Female,36,Bhubaneswar,Odisha,BCA,Software Engineering,Grover LLC Institute,2023,3,Cognizant,Cyber Security Analyst,Security,Network Security;Python;SIEM,,19.2,15.4,60,2025-11-03,75.0,,91.0,Pending,Remote,Chennai
APP0333,Bhamini Chauhan,Female,32,Gurgaon,Haryana,B.Tech,Cyber Security,Mann-Sandhu Institute,2025,1,Cognizant,Python Developer,Software Development,Python;Django;SQL,Scrum Master,22.0,20.4,15,2025-07-04,89.0,82.0,,Pending,Remote,Indore
APP0334,Gatik Biswas,Female,25,Ahmedabad,Gujarat,B.Tech,AI & ML,Ranganathan-Dubey Institute,2016,10,Oracle,Machine Learning Engineer,AI/ML,Scikit-learn;Python;Deep Learning,IBM AI,22.6,20.9,45,2025-10-01,,,83.0,Rejected,Hybrid,Chennai
APP0335,Kismat Gour,Male,24,Bhubaneswar,Odisha,M.Sc Data Science,AI & ML,"Bava, Rajan and Iyengar Institute",2026,0,,Machine Learning Engineer,AI/ML,Scikit-learn;Python;Deep Learning,AWS Certified,8.8,,60,2026-04-15,74.0,95.0,,Rejected,Hybrid,Jaipur
APP0336,Ritvik Dua,Male,28,Chennai,Tamil Nadu,MCA,AI & ML,Bajwa LLC Institute,2020,4,Capgemini,AI Engineer,AI/ML,Python;TensorFlow;NLP,Google Data Analytics,20.2,15.3,15,2026-03-15,,61.0,74.0,Rejected,Onsite,Indore
APP0337,Myra Koshy,Male,29,Indore,Madhya Pradesh,B.Tech,Information Technology,Loyal-Balasubramanian Institute,2026,0,,Data Scientist,Analytics,Python;Machine Learning;SQL,IBM AI,28.0,,15,2025-08-29,87.0,,62.0,Selected,Remote,Bhubaneswar
APP0338,Indrajit Balasubramanian,Male,37,Kolkata,West Bengal,BCA,Information Technology,D’Alia PLC Institute,2020,6,Infosys,Cloud Engineer,Cloud,AWS;Azure;Linux,,9.7,7.3,15,2026-03-14,,,82.0,Pending,Remote,Jaipur
APP0339,Dhanush Raju,Male,26,Bangalore,Karnataka,M.Sc Data Science,Cloud Computing,"Sridhar, Sengupta and Sura Institute",2024,0,,Cyber Security Analyst,Security,Network Security;Python;SIEM,CEH,4.1,,60,2025-08-14,66.0,,83.0,Selected,Onsite,Bangalore
APP0340,Shlok Mallick,Female,36,Delhi,Delhi,B.Tech,Software Engineering,Subramaniam-Buch Institute,2015,10,Cognizant,Data Scientist,Analytics,Python;Machine Learning;SQL,Microsoft Power BI,7.8,6.4,90,2025-02-12,,,95.0,Pending,Hybrid,Ahmedabad
APP0341,Aarna Sarraf,Female,24,Kochi,Kerala,M.Tech,Business Analytics,Upadhyay-Date Institute,2023,1,Oracle,Business Analyst,Business Intelligence,Excel;SQL;Analytics,,16.6,11.7,15,2025-01-07,87.0,,83.0,Selected,Remote,Delhi
APP0342,Himmat Deo,Female,36,Delhi,Delhi,MCA,Cyber Security,"Kant, Sawhney and Balasubramanian Institute",2018,8,,Data Scientist,Analytics,Python;Machine Learning;SQL,,6.0,1.1,60,2026-03-06,81.0,,67.0,Rejected,Hybrid,Ahmedabad
APP0343,Miraan Ganguly,Male,21,Kolkata,West Bengal,B.Tech,Computer Science,"Chada, Sinha and Mallick Institute",2020,4,Infosys,Full Stack Developer,Web Development,React;Node.js;SQL,Microsoft Power BI,12.6,8.5,15,2025-11-18,,,91.0,Selected,Hybrid,Kolkata
APP0344,Vidur Kale,Female,36,Ahmedabad,Gujarat,BCA,Cyber Security,Mannan and Sons Institute,2025,0,,Frontend Developer,Web Development,HTML;CSS;React,Scrum Master,23.3,,45,2025-05-31,66.0,,89.0,Pending,Onsite,Pune
APP0345,Drishya Sankar,Female,26,Indore,Madhya Pradesh,M.Tech,Software Engineering,Sridhar-Sridhar Institute,2023,3,Wipro,Java Developer,Software Development,Java;Spring Boot;MySQL,IBM AI,15.9,13.6,60,2025-10-13,,89.0,62.0,Rejected,Remote,Kolkata
APP0346,Indrans Chowdhury,Female,32,Ahmedabad,Gujarat,M.Sc Data Science,Cyber Security,"Wali, Banerjee and Viswanathan Institute",2017,7,Tech Mahindra,BI Developer,Analytics,Power BI;DAX;SQL,AWS Certified,25.2,21.9,15,2025-09-11,90.0,92.0,,Pending,Remote,Nagpur
APP0347,Bhamini Chacko,Female,22,Kochi,Kerala,MBA,Data Science,Zachariah LLC Institute,2022,2,Capgemini,Backend Developer,Software Development,Node.js;MongoDB;APIs,Oracle Java,22.1,18.0,45,2025-07-30,,,,Pending,Remote,Bhubaneswar
APP0348,Amani Rajagopal,Male,36,Jaipur,Rajasthan,BCA,Computer Science,Kalita PLC Institute,2025,1,Tech Mahindra,Data Analyst,Analytics,Python;Pandas;Power BI,CEH,14.5,13.4,90,2025-05-17,80.0,,,Rejected,Hybrid,Kolkata
APP0349,Mishti Barman,Female,27,Mumbai,Maharashtra,M.Tech,Information Technology,Arya Ltd Institute,2024,0,,BI Developer,Analytics,Power BI;DAX;SQL,Scrum Master,24.9,,30,2025-07-06,,,,Rejected,Hybrid,Pune
APP0350,Siya Dash,Male,32,Hyderabad,Telangana,M.Sc Data Science,Information Technology,Upadhyay Ltd Institute,2016,10,Persistent,Full Stack Developer,Web Development,React;Node.js;SQL,IBM AI,23.4,18.6,90,2025-08-07,,77.0,,Rejected,Hybrid,Ahmedabad
APP0351,Oorja Suresh,Female,29,Gurgaon,Haryana,MBA,Software Engineering,Sheth-Ramanathan Institute,2024,1,HCL,Frontend Developer,Web Development,HTML;CSS;React,,16.5,13.0,15,2025-12-05,89.0,61.0,91.0,Pending,Remote,Chennai
APP0352,Tanya Chana,Female,26,Noida,Uttar Pradesh,MCA,Data Science,Sha LLC Institute,2025,1,Accenture,AI Engineer,AI/ML,Python;TensorFlow;NLP,Oracle Java,27.1,23.0,15,2025-05-17,,80.0,,Selected,Remote,Pune
APP0353,Siya Hayre,Female,38,Bangalore,Karnataka,B.E.,Computer Science,Mann-Agate Institute,2021,4,LTIMindtree,Cyber Security Analyst,Security,Network Security;Python;SIEM,Microsoft Power BI,21.4,18.7,15,2025-05-13,62.0,,68.0,Selected,Remote,Chennai
APP0354,Charvi Dewan,Female,36,Kolkata,West Bengal,B.Tech,Data Science,"Batta, Dhar and Iyengar Institute",2025,0,,Cyber Security Analyst,Security,Network Security;Python;SIEM,,31.8,,15,2025-09-25,,68.0,67.0,Rejected,Hybrid,Kochi
APP0355,Kashvi Sarna,Female,29,Kolkata,West Bengal,M.Sc Data Science,Computer Science,Mallick Ltd Institute,2014,10,IBM,Full Stack Developer,Web Development,React;Node.js;SQL,Scrum Master,27.1,22.4,45,2025-08-14,73.0,66.0,,Pending,Remote,Chennai
APP0356,Hiran Bobal,Male,22,Gurgaon,Haryana,MBA,Data Science,"Kala, Bhatt and Chopra Institute",2020,4,Cognizant,Database Administrator,Database,Oracle;SQL Server;Backup,Scrum Master,11.6,9.5,60,2025-11-27,,,79.0,Rejected,Onsite,Jaipur
APP0357,Armaan Jha,Male,35,Chennai,Tamil Nadu,MBA,Cloud Computing,"Bains, Hayre and Borah Institute",2021,5,,Data Scientist,Analytics,Python;Machine Learning;SQL,,30.6,28.0,60,2025-04-18,,79.0,,Selected,Hybrid,Kochi
APP0358,Kavya Manne,Female,38,Mumbai,Maharashtra,MBA,Cloud Computing,Walia LLC Institute,2020,4,IBM,BI Developer,Analytics,Power BI;DAX;SQL,AWS Certified,16.8,12.4,15,2025-06-30,87.0,,92.0,Pending,Onsite,Nagpur
APP0359,Pari Saraf,Male,34,Ahmedabad,Gujarat,M.Sc Data Science,Cloud Computing,"Hans, Banik and Varkey Institute",2014,10,IBM,Business Analyst,Business Intelligence,Excel;SQL;Analytics,Microsoft Power BI,8.2,5.6,30,2025-05-08,,96.0,67.0,Rejected,Remote,Ahmedabad
APP0360,Gokul Das,Male,23,Kolkata,West Bengal,M.Tech,Data Science,Sheth-Kumar Institute,2015,10,Cognizant,Frontend Developer,Web Development,HTML;CSS;React,Google Data Analytics,10.2,7.5,15,2026-04-18,,84.0,61.0,Rejected,Onsite,Delhi
APP0361,Reyansh Thakkar,Male,27,Kolkata,West Bengal,B.E.,Cyber Security,Chakraborty-Dayal Institute,2026,0,,QA Engineer,Testing,Selenium;Java;Manual Testing,IBM AI,33.7,,60,2025-03-02,70.0,,,Rejected,Remote,Delhi
APP0362,Alia Bahri,Female,28,Kochi,Kerala,BCA,Business Analytics,"Sibal, Divan and Bawa Institute",2020,6,Capgemini,Cloud Engineer,Cloud,AWS;Azure;Linux,ISTQB,34.9,32.8,90,2025-05-29,,,69.0,Pending,Onsite,Noida
APP0363,Arnav Jhaveri,Male,22,Mumbai,Maharashtra,MCA,Data Science,"Chaudhary, Yohannan and Sharaf Institute",2022,4,IBM,Python Developer,Software Development,Python;Django;SQL,ISTQB,31.0,26.1,90,2025-02-18,85.0,,76.0,Pending,Onsite,Jaipur
APP0364,Saira Agrawal,Male,29,Jaipur,Rajasthan,B.E.,Business Analytics,"Chatterjee, Devan and Ahuja Institute",2025,0,,Java Developer,Software Development,Java;Spring Boot;MySQL,ISTQB,19.6,,60,2025-10-25,,,68.0,Selected,Remote,Chennai
APP0365,Divyansh Deshmukh,Female,29,Jaipur,Rajasthan,BCA,Cloud Computing,"Kala, Bobal and Sinha Institute",2023,3,Accenture,Product Analyst,Product,Analytics;Agile;SQL,Google Data Analytics,12.1,9.8,45,2026-04-08,,,,Pending,Hybrid,Indore
APP0366,Priyansh Karan,Male,35,Nagpur,Maharashtra,M.Tech,Information Technology,Kalita and Sons Institute,2017,7,IBM,Project Manager,Management,Agile;Scrum;Leadership,AWS Certified,28.7,27.5,60,2025-05-14,69.0,74.0,,Rejected,Onsite,Gurgaon
APP0367,Stuvan De,Male,37,Noida,Uttar Pradesh,M.Sc Data Science,Cyber Security,Dara PLC Institute,2022,4,HCL,Business Analyst,Business Intelligence,Excel;SQL;Analytics,,30.2,25.7,90,2026-03-04,,65.0,78.0,Selected,Onsite,Pune
APP0368,Sana Bail,Male,31,Gurgaon,Haryana,B.E.,Computer Science,Tara PLC Institute,2023,3,Infosys,Machine Learning Engineer,AI/ML,Scikit-learn;Python;Deep Learning,Microsoft Power BI,11.6,8.6,60,2025-07-11,,,,Rejected,Onsite,Hyderabad
APP0369,Dhanuk Goda,Male,23,Kolkata,West Bengal,BCA,Software Engineering,Yohannan and Sons Institute,2024,2,Infosys,Python Developer,Software Development,Python;Django;SQL,CEH,24.3,19.5,45,2026-02-13,80.0,73.0,,Selected,Remote,Indore
APP0370,Riya Bumb,Female,34,Kochi,Kerala,MBA,Cyber Security,Guha Inc Institute,2026,0,,Full Stack Developer,Web Development,React;Node.js;SQL,,30.4,,90,2025-06-02,,,69.0,Selected,Hybrid,Ahmedabad
APP0371,Anay Hegde,Female,26,Mumbai,Maharashtra,M.Tech,Software Engineering,"Lal, Bahl and Edwin Institute",2021,5,Infosys,Backend Developer,Software Development,Node.js;MongoDB;APIs,AWS Certified,19.2,14.7,90,2026-02-20,,,,Rejected,Hybrid,Ahmedabad
APP0372,Eshani Dani,Male,30,Bangalore,Karnataka,M.Sc Data Science,Data Science,Gour Ltd Institute,2020,4,Oracle,AI Engineer,AI/ML,Python;TensorFlow;NLP,CEH,23.5,20.4,45,2025-03-18,,87.0,,Pending,Remote,Gurgaon
APP0373,Advik Bakshi,Female,26,Mumbai,Maharashtra,M.Sc Data Science,AI & ML,Keer Ltd Institute,2021,5,Accenture,Java Developer,Software Development,Java;Spring Boot;MySQL,AWS Certified,19.8,17.1,15,2025-02-28,,,65.0,Rejected,Onsite,Hyderabad
APP0374,Himmat Bhargava,Male,34,Chennai,Tamil Nadu,BCA,Computer Science,Bajaj-Baria Institute,2014,10,TCS,Business Analyst,Business Intelligence,Excel;SQL;Analytics,CEH,17.9,13.7,15,2026-03-23,81.0,73.0,,Selected,Remote,Ahmedabad
APP0375,Parinaaz Kalita,Male,21,Noida,Uttar Pradesh,B.E.,Information Technology,Sastry Inc Institute,2017,8,TCS,Business Analyst,Business Intelligence,Excel;SQL;Analytics,Oracle Java,30.9,26.0,15,2025-03-06,,,79.0,Selected,Hybrid,Ahmedabad
APP0376,Hridaan Vasa,Male,26,Nagpur,Maharashtra,B.E.,Business Analytics,Bhat Group Institute,2021,3,IBM,DevOps Engineer,Cloud,Docker;Kubernetes;CI/CD,Microsoft Power BI,30.6,27.4,15,2025-01-12,,89.0,,Rejected,Onsite,Bangalore
APP0377,Mahika Chacko,Female,37,Bangalore,Karnataka,BCA,Business Analytics,"Lall, Desai and Lata Institute",2019,6,Capgemini,Cyber Security Analyst,Security,Network Security;Python;SIEM,AWS Certified,5.6,4.6,90,2025-07-24,,,,Selected,Hybrid,Kolkata
APP0378,Baiju Goda,Female,21,Chennai,Tamil Nadu,B.E.,Cyber Security,Virk Inc Institute,2025,0,,Project Manager,Management,Agile;Scrum;Leadership,Oracle Java,31.7,,60,2025-12-24,,,,Rejected,Hybrid,Bangalore
APP0379,Aarav Doshi,Female,26,Gurgaon,Haryana,BCA,Data Science,Rajagopal-Ben Institute,2018,6,Cognizant,DevOps Engineer,Cloud,Docker;Kubernetes;CI/CD,Azure AI,14.5,11.1,60,2026-02-12,89.0,,,Selected,Remote,Bangalore
APP0380,Myra Chander,Female,29,Nagpur,Maharashtra,MCA,AI & ML,Wagle-Sarin Institute,2025,0,,BI Developer,Analytics,Power BI;DAX;SQL,Google Data Analytics,33.2,,90,2025-01-10,,75.0,95.0,Selected,Remote,Chennai
APP0381,Abram Verma,Male,37,Delhi,Delhi,BCA,Information Technology,Soni Ltd Institute,2020,6,LTIMindtree,Data Scientist,Analytics,Python;Machine Learning;SQL,AWS Certified,7.7,5.8,60,2026-04-04,,82.0,,Rejected,Remote,Mumbai
APP0382,Badal Iyer,Female,24,Indore,Madhya Pradesh,B.E.,Cloud Computing,"Dhar, Lad and Ramanathan Institute",2021,5,Tech Mahindra,Data Scientist,Analytics,Python;Machine Learning;SQL,Google Data Analytics,19.7,18.0,15,2026-01-26,67.0,83.0,,Selected,Hybrid,Delhi
APP0383,Prisha Kadakia,Female,28,Indore,Madhya Pradesh,B.E.,Software Engineering,Sinha-Rastogi Institute,2024,1,Accenture,Python Developer,Software Development,Python;Django;SQL,CEH,14.6,11.6,60,2025-03-19,,,83.0,Pending,Onsite,Chennai
APP0384,Advik Dhillon,Male,34,Pune,Maharashtra,B.Tech,Software Engineering,"Trivedi, Bath and Bala Institute",2026,0,,Business Analyst,Business Intelligence,Excel;SQL;Analytics,AWS Certified,26.2,,30,2026-01-31,93.0,,,Pending,Remote,Ahmedabad
APP0385,Alia Rajagopalan,Male,33,Jaipur,Rajasthan,M.Tech,Data Science,Khanna-Singh Institute,2024,1,Oracle,Product Analyst,Product,Analytics;Agile;SQL,,16.5,12.8,90,2026-04-06,,,,Pending,Hybrid,Jaipur
APP0386,Drishya Bhattacharyya,Male,37,Chennai,Tamil Nadu,BCA,Cyber Security,Chanda Inc Institute,2016,10,Oracle,Full Stack Developer,Web Development,React;Node.js;SQL,ISTQB,31.3,30.0,30,2025-04-20,,84.0,,Selected,Remote,Bhubaneswar
APP0387,Manjari Desai,Male,24,Indore,Madhya Pradesh,M.Tech,Cyber Security,Sarin-Bala Institute,2019,6,HCL,Project Manager,Management,Agile;Scrum;Leadership,AWS Certified,11.5,7.4,60,2025-03-05,87.0,,,Rejected,Remote,Indore
APP0388,Inaaya  Sengupta,Male,32,Jaipur,Rajasthan,M.Tech,Information Technology,Kapoor-Sampath Institute,2020,6,Wipro,Project Manager,Management,Agile;Scrum;Leadership,CEH,14.9,12.8,60,2025-09-22,,93.0,,Selected,Remote,Pune
APP0389,Devansh Korpal,Female,35,Delhi,Delhi,MBA,Business Analytics,Yogi Ltd Institute,2022,4,LTIMindtree,AI Engineer,AI/ML,Python;TensorFlow;NLP,CEH,17.8,15.3,30,2025-11-22,,,,Selected,Onsite,Nagpur
APP0390,Jayesh Shukla,Male,38,Noida,Uttar Pradesh,MCA,Information Technology,"Khosla, Dey and Thakkar Institute",2024,0,,Business Analyst,Business Intelligence,Excel;SQL;Analytics,,19.9,,60,2026-01-18,93.0,,90.0,Selected,Remote,Chennai
APP0391,Badal Kaul,Male,25,Kolkata,West Bengal,M.Sc Data Science,Software Engineering,Lad-Kaur Institute,2024,0,,Cyber Security Analyst,Security,Network Security;Python;SIEM,AWS Certified,8.8,,45,2025-01-15,,,,Rejected,Remote,Nagpur
APP0392,Vivaan Gaba,Female,33,Kochi,Kerala,M.Tech,AI & ML,"Gade, Sane and Kaur Institute",2026,0,,BI Developer,Analytics,Power BI;DAX;SQL,Google Data Analytics,21.0,,90,2026-04-06,64.0,,,Pending,Hybrid,Indore
APP0393,Navya Lalla,Female,29,Noida,Uttar Pradesh,MBA,Information Technology,Thaman-Talwar Institute,2024,0,,Business Analyst,Business Intelligence,Excel;SQL;Analytics,Google Data Analytics,14.1,,15,2026-05-06,,,81.0,Pending,Onsite,Indore
APP0394,Heer Batta,Male,21,Indore,Madhya Pradesh,MCA,Data Science,"Singhal, Choudhury and Rajagopal Institute",2019,5,Capgemini,Cyber Security Analyst,Security,Network Security;Python;SIEM,,7.8,4.6,60,2025-03-03,72.0,96.0,90.0,Selected,Onsite,Kolkata
APP0395,Trisha Madan,Female,23,Chennai,Tamil Nadu,B.Tech,Information Technology,Dhingra Group Institute,2020,6,Oracle,Full Stack Developer,Web Development,React;Node.js;SQL,Google Data Analytics,19.2,14.5,45,2025-07-15,,,,Selected,Remote,Hyderabad
APP0396,Jayant Kaur,Female,24,Indore,Madhya Pradesh,MCA,AI & ML,"Kadakia, Mangal and Agarwal Institute",2025,0,,Data Analyst,Analytics,Python;Pandas;Power BI,CEH,33.5,,45,2025-06-02,70.0,80.0,61.0,Rejected,Hybrid,Kochi
APP0397,Bhavin Chandran,Female,35,Bhubaneswar,Odisha,BCA,Software Engineering,"Jhaveri, Rana and Iyengar Institute",2026,0,,Data Scientist,Analytics,Python;Machine Learning;SQL,Azure AI,11.4,,60,2025-02-01,,,,Selected,Hybrid,Ahmedabad
APP0398,Aarav Dara,Male,25,Bangalore,Karnataka,MCA,AI & ML,"Buch, Saxena and Wadhwa Institute",2023,1,,Python Developer,Software Development,Python;Django;SQL,Oracle Java,33.9,30.2,90,2026-03-10,75.0,,88.0,Rejected,Onsite,Noida
APP0399,Himmat Ray,Male,37,Pune,Maharashtra,MCA,Computer Science,Virk PLC Institute,2020,4,Wipro,Python Developer,Software Development,Python;Django;SQL,Scrum Master,13.0,8.1,90,2025-06-29,,,,Selected,Hybrid,Mumbai
APP0400,Veer Dar,Female,29,Delhi,Delhi,B.E.,Cloud Computing,Chandra Ltd Institute,2024,0,,Data Scientist,Analytics,Python;Machine Learning;SQL,ISTQB,21.3,,30,2026-01-21,,,,Rejected,Onsite,Chennai
APP0401,Kartik Chanda,Male,38,Pune,Maharashtra,B.Tech,Business Analytics,Bora PLC Institute,2019,7,Persistent,AI Engineer,AI/ML,Python;TensorFlow;NLP,Azure AI,22.9,21.9,45,2026-02-08,60.0,,85.0,Rejected,Onsite,Chennai
APP0402,Aradhya Tiwari,Female,32,Delhi,Delhi,B.E.,Information Technology,Virk and Sons Institute,2014,10,HCL,Machine Learning Engineer,AI/ML,Scikit-learn;Python;Deep Learning,,34.5,33.0,45,2026-01-24,83.0,88.0,74.0,Pending,Remote,Bangalore
APP0403,Tara Chacko,Female,26,Noida,Uttar Pradesh,BCA,Data Science,"Badami, Rege and Gill Institute",2025,0,,Backend Developer,Software Development,Node.js;MongoDB;APIs,,19.3,,90,2025-10-19,73.0,,,Pending,Onsite,Kolkata
APP0404,Aaina Bava,Male,38,Kolkata,West Bengal,BCA,Cyber Security,"Dugar, Krish and Dutt Institute",2024,0,,Machine Learning Engineer,AI/ML,Scikit-learn;Python;Deep Learning,,8.0,,90,2025-04-09,64.0,76.0,,Rejected,Remote,Delhi
APP0405,Hiran Thaman,Male,22,Ahmedabad,Gujarat,MCA,Software Engineering,Aggarwal Ltd Institute,2023,2,Oracle,Java Developer,Software Development,Java;Spring Boot;MySQL,Microsoft Power BI,30.2,27.6,45,2026-03-29,,,93.0,Selected,Hybrid,Bangalore
APP0406,Taran Dyal,Male,24,Chennai,Tamil Nadu,B.Tech,Business Analytics,Ganguly-Wali Institute,2020,6,Accenture,Data Analyst,Analytics,Python;Pandas;Power BI,AWS Certified,34.7,32.8,90,2025-06-09,87.0,75.0,,Pending,Hybrid,Kochi
APP0407,Vivaan Srinivasan,Male,35,Hyderabad,Telangana,BCA,Information Technology,Sharma-Jani Institute,2025,0,,DevOps Engineer,Cloud,Docker;Kubernetes;CI/CD,Azure AI,11.4,,15,2026-01-27,81.0,81.0,,Selected,Hybrid,Chennai
APP0408,Umang Randhawa,Male,30,Bhubaneswar,Odisha,M.Sc Data Science,Software Engineering,Baria-Lal Institute,2016,10,Accenture,Data Analyst,Analytics,Python;Pandas;Power BI,Azure AI,5.9,1.7,90,2025-10-14,,87.0,66.0,Rejected,Remote,Kochi
APP0409,Tanya Sharaf,Male,24,Kolkata,West Bengal,B.Tech,Computer Science,Gole and Sons Institute,2021,4,HCL,Python Developer,Software Development,Python;Django;SQL,Azure AI,18.4,15.7,90,2025-10-28,,,,Selected,Onsite,Nagpur
APP0410,Suhana Barman,Female,34,Ahmedabad,Gujarat,BCA,Cloud Computing,Keer Group Institute,2024,1,Cognizant,Product Analyst,Product,Analytics;Agile;SQL,,17.1,13.2,90,2025-03-07,88.0,75.0,62.0,Selected,Remote,Noida
APP0411,Raunak Kaur,Male,27,Hyderabad,Telangana,M.Sc Data Science,Information Technology,Sethi Ltd Institute,2024,1,Tech Mahindra,Frontend Developer,Web Development,HTML;CSS;React,Oracle Java,34.1,31.0,60,2025-04-11,69.0,75.0,,Pending,Onsite,Noida
APP0412,Zara Vala,Male,21,Kolkata,West Bengal,MBA,Data Science,Arora-Goyal Institute,2018,6,LTIMindtree,Frontend Developer,Web Development,HTML;CSS;React,Oracle Java,33.9,30.4,60,2025-09-11,,70.0,89.0,Pending,Remote,Bangalore
APP0413,Suhana Doshi,Male,25,Noida,Uttar Pradesh,MCA,Business Analytics,Joshi Inc Institute,2014,10,Capgemini,Frontend Developer,Web Development,HTML;CSS;React,,15.7,13.1,90,2025-10-12,,60.0,82.0,Rejected,Remote,Pune
APP0414,Sahil Balakrishnan,Male,29,Bangalore,Karnataka,B.Tech,Computer Science,Sachar-Ramaswamy Institute,2025,1,Persistent,Cloud Engineer,Cloud,AWS;Azure;Linux,Google Data Analytics,10.8,8.8,60,2025-01-12,,95.0,71.0,Pending,Remote,Chennai
APP0415,Vidur Chowdhury,Male,27,Bhubaneswar,Odisha,BCA,Software Engineering,"Aurora, Dhar and Dixit Institute",2024,1,LTIMindtree,Cloud Engineer,Cloud,AWS;Azure;Linux,ISTQB,11.4,7.2,45,2026-02-11,,64.0,69.0,Pending,Hybrid,Ahmedabad
APP0416,Aarav Deshpande,Male,37,Bangalore,Karnataka,BCA,Business Analytics,Grewal PLC Institute,2014,10,Capgemini,Java Developer,Software Development,Java;Spring Boot;MySQL,Azure AI,22.2,17.8,60,2026-03-23,78.0,80.0,,Pending,Onsite,Mumbai
APP0417,Samiha Jhaveri,Female,36,Nagpur,Maharashtra,MCA,Software Engineering,"Setty, Sha and Shroff Institute",2021,3,Persistent,Product Analyst,Product,Analytics;Agile;SQL,,27.3,24.8,15,2026-01-02,,,,Selected,Remote,Bhubaneswar
APP0418,Ivana Subramanian,Male,30,Bangalore,Karnataka,M.Tech,Cloud Computing,"Chakrabarti, Singhal and Mane Institute",2024,1,Capgemini,Business Analyst,Business Intelligence,Excel;SQL;Analytics,,10.8,8.1,15,2025-03-10,84.0,,95.0,Rejected,Onsite,Kolkata
APP0419,Miraya Tripathi,Male,29,Chennai,Tamil Nadu,MBA,Information Technology,Baral Ltd Institute,2021,4,Tech Mahindra,Database Administrator,Database,Oracle;SQL Server;Backup,Azure AI,17.4,14.9,45,2025-08-15,,,61.0,Pending,Onsite,Gurgaon
APP0420,Vardaniya Madan,Female,29,Ahmedabad,Gujarat,MCA,Cyber Security,"Chaudry, Bhakta and Varghese Institute",2015,10,Capgemini,Data Analyst,Analytics,Python;Pandas;Power BI,,32.7,31.3,30,2025-12-12,,62.0,81.0,Pending,Onsite,Gurgaon
APP0421,Miraya Khurana,Female,28,Bhubaneswar,Odisha,B.E.,Data Science,Dass LLC Institute,2025,0,,QA Engineer,Testing,Selenium;Java;Manual Testing,Microsoft Power BI,12.7,,30,2026-03-20,,85.0,90.0,Pending,Onsite,Indore
APP0422,Zara Vasa,Male,32,Gurgaon,Haryana,B.E.,AI & ML,"Dube, Ahluwalia and Anne Institute",2017,8,Cognizant,Business Analyst,Business Intelligence,Excel;SQL;Analytics,AWS Certified,14.6,13.3,60,2026-03-13,,86.0,,Pending,Hybrid,Chennai
APP0423,Kimaya Cheema,Female,33,Bangalore,Karnataka,M.Tech,Data Science,Mani-Trivedi Institute,2021,3,Accenture,Database Administrator,Database,Oracle;SQL Server;Backup,Azure AI,27.3,23.2,90,2025-03-20,,80.0,62.0,Rejected,Remote,Noida
APP0424,Vritika Sarin,Male,27,Mumbai,Maharashtra,B.Tech,Software Engineering,Bhalla Inc Institute,2019,6,Cognizant,Frontend Developer,Web Development,HTML;CSS;React,Oracle Java,23.8,21.6,30,2025-01-14,70.0,95.0,,Rejected,Onsite,Gurgaon
APP0425,Bhamini Bahri,Female,36,Mumbai,Maharashtra,MBA,Information Technology,Zacharia-Rastogi Institute,2025,0,,Business Analyst,Business Intelligence,Excel;SQL;Analytics,CEH,20.1,,30,2025-03-08,,,70.0,Selected,Remote,Hyderabad
APP0426,Anvi Talwar,Male,35,Delhi,Delhi,B.Tech,Software Engineering,"Khurana, Thakkar and Bandi Institute",2024,0,,BI Developer,Analytics,Power BI;DAX;SQL,,21.8,,30,2025-01-04,79.0,,77.0,Pending,Hybrid,Bhubaneswar
APP0427,Saanvi Sahota,Male,26,Kolkata,West Bengal,BCA,Software Engineering,Kade LLC Institute,2021,4,IBM,BI Developer,Analytics,Power BI;DAX;SQL,CEH,21.9,18.0,30,2025-08-01,,,85.0,Pending,Onsite,Mumbai
APP0428,Yakshit Chhabra,Male,24,Delhi,Delhi,BCA,Cloud Computing,Tella and Sons Institute,2025,1,Accenture,Java Developer,Software Development,Java;Spring Boot;MySQL,Microsoft Power BI,12.5,9.0,30,2025-07-08,78.0,,86.0,Rejected,Remote,Gurgaon
APP0429,Nirvaan Joshi,Male,29,Pune,Maharashtra,B.Tech,AI & ML,Bumb-Dani Institute,2026,0,,Business Analyst,Business Intelligence,Excel;SQL;Analytics,ISTQB,23.8,,60,2025-01-20,,,,Rejected,Hybrid,Mumbai
APP0430,Ojas Gupta,Female,24,Mumbai,Maharashtra,BCA,Software Engineering,"Rajagopal, Mangal and Varma Institute",2019,7,Wipro,Project Manager,Management,Agile;Scrum;Leadership,Azure AI,26.1,23.3,15,2025-04-01,,70.0,61.0,Pending,Hybrid,Nagpur
APP0431,Divyansh Varghese,Female,35,Noida,Uttar Pradesh,B.Tech,Computer Science,Kanda Ltd Institute,2026,0,,Backend Developer,Software Development,Node.js;MongoDB;APIs,AWS Certified,26.1,,60,2025-07-19,94.0,88.0,93.0,Selected,Remote,Chennai
APP0432,Urvi Brahmbhatt,Male,26,Bhubaneswar,Odisha,B.Tech,Software Engineering,"Tailor, Ravel and D’Alia Institute",2025,1,Oracle,DevOps Engineer,Cloud,Docker;Kubernetes;CI/CD,Azure AI,4.5,3.4,45,2026-02-13,,72.0,74.0,Rejected,Onsite,Ahmedabad
APP0433,Dhruv Dara,Female,21,Bangalore,Karnataka,M.Tech,Data Science,Savant Ltd Institute,2020,5,IBM,Cloud Engineer,Cloud,AWS;Azure;Linux,Oracle Java,33.1,31.6,15,2025-07-25,73.0,,71.0,Pending,Hybrid,Ahmedabad
APP0434,Hansh Bhatnagar,Male,31,Kolkata,West Bengal,MBA,Software Engineering,"Kohli, Thakkar and Dugar Institute",2026,0,,Backend Developer,Software Development,Node.js;MongoDB;APIs,,31.4,,30,2025-05-09,,,66.0,Rejected,Remote,Ahmedabad
APP0435,Darshit Dyal,Male,24,Indore,Madhya Pradesh,MCA,Data Science,"Sabharwal, Savant and Walia Institute",2018,7,LTIMindtree,Frontend Developer,Web Development,HTML;CSS;React,CEH,6.1,5.0,30,2025-04-30,,92.0,92.0,Pending,Remote,Pune
APP0436,Zeeshan Dube,Female,22,Nagpur,Maharashtra,BCA,Software Engineering,Seshadri Ltd Institute,2021,4,Persistent,Backend Developer,Software Development,Node.js;MongoDB;APIs,IBM AI,10.3,7.8,15,2025-05-23,62.0,,81.0,Selected,Onsite,Chennai
APP0437,Shalv Iyer,Female,21,Chennai,Tamil Nadu,B.Tech,Business Analytics,"Bajwa, Chatterjee and Golla Institute",2023,1,Infosys,DevOps Engineer,Cloud,Docker;Kubernetes;CI/CD,Oracle Java,5.7,1.0,15,2025-04-04,75.0,,,Pending,Remote,Bangalore
APP0438,Divij Swamy,Male,27,Nagpur,Maharashtra,B.E.,Software Engineering,Shankar-Kuruvilla Institute,2024,0,,Data Analyst,Analytics,Python;Pandas;Power BI,Google Data Analytics,21.0,,90,2025-06-09,73.0,92.0,,Selected,Hybrid,Hyderabad
APP0439,Mamooty Vohra,Female,37,Kolkata,West Bengal,BCA,Software Engineering,"Ghosh, Kunda and Dara Institute",2019,7,,Business Analyst,Business Intelligence,Excel;SQL;Analytics,Google Data Analytics,12.4,8.3,60,2025-08-14,,,,Selected,Hybrid,Delhi
APP0440,Sahil Kade,Female,38,Kochi,Kerala,BCA,Business Analytics,"Bansal, Sankar and Taneja Institute",2015,10,Infosys,Data Analyst,Analytics,Python;Pandas;Power BI,ISTQB,22.5,20.9,30,2025-05-26,,,,Pending,Hybrid,Bangalore
APP0441,Neelofar Keer,Female,30,Nagpur,Maharashtra,MBA,Information Technology,"Mand, Vig and Tripathi Institute",2026,0,,Cloud Engineer,Cloud,AWS;Azure;Linux,CEH,30.7,,15,2025-07-16,,,,Selected,Hybrid,Bhubaneswar
APP0442,Anay Kata,Male,28,Kolkata,West Bengal,M.Tech,Computer Science,Kalla Ltd Institute,2024,1,Tech Mahindra,Machine Learning Engineer,AI/ML,Scikit-learn;Python;Deep Learning,,33.7,29.6,15,2026-01-12,,83.0,,Pending,Onsite,Ahmedabad
APP0443,Siya Bal,Male,37,Nagpur,Maharashtra,B.E.,Software Engineering,Loke-Gill Institute,2019,6,Wipro,QA Engineer,Testing,Selenium;Java;Manual Testing,CEH,33.3,31.7,45,2025-07-23,75.0,60.0,,Pending,Hybrid,Gurgaon
APP0444,Abram Sha,Male,33,Gurgaon,Haryana,MBA,Cyber Security,Aurora Group Institute,2019,6,TCS,Full Stack Developer,Web Development,React;Node.js;SQL,Google Data Analytics,26.8,22.8,60,2026-01-19,65.0,,,Selected,Remote,Mumbai
APP0445,Ira Kale,Male,37,Indore,Madhya Pradesh,B.Tech,Business Analytics,"Mahal, Din and Rout Institute",2020,5,HCL,Database Administrator,Database,Oracle;SQL Server;Backup,Oracle Java,24.3,20.4,30,2025-09-07,70.0,83.0,68.0,Selected,Remote,Jaipur
APP0446,Alia Gill,Female,23,Nagpur,Maharashtra,MCA,Computer Science,Mand-Sem Institute,2024,1,HCL,Cloud Engineer,Cloud,AWS;Azure;Linux,Oracle Java,17.7,13.0,60,2025-03-05,66.0,,,Rejected,Onsite,Indore
APP0447,Samar Garde,Female,36,Mumbai,Maharashtra,M.Tech,Cloud Computing,Mani and Sons Institute,2025,0,,Python Developer,Software Development,Python;Django;SQL,,27.3,,60,2025-07-12,60.0,66.0,93.0,Rejected,Hybrid,Ahmedabad
APP0448,Umang Arya,Female,25,Bhubaneswar,Odisha,B.Tech,Information Technology,Banerjee Ltd Institute,2024,2,Oracle,Frontend Developer,Web Development,HTML;CSS;React,,33.2,29.5,30,2025-08-22,84.0,,66.0,Rejected,Hybrid,Kolkata
APP0449,Taimur Deol,Female,33,Ahmedabad,Gujarat,MBA,Information Technology,Manne Group Institute,2020,5,Tech Mahindra,BI Developer,Analytics,Power BI;DAX;SQL,CEH,24.5,23.5,60,2025-04-30,80.0,83.0,,Pending,Onsite,Bhubaneswar
APP0450,Rasha Shah,Female,26,Mumbai,Maharashtra,M.Tech,Information Technology,"Tara, Venkataraman and Kala Institute",2023,1,IBM,Full Stack Developer,Web Development,React;Node.js;SQL,,10.0,8.4,90,2026-03-03,93.0,,,Selected,Remote,Bangalore
APP0451,Samarth Rau,Female,36,Nagpur,Maharashtra,MBA,Information Technology,"Andra, Kibe and Samra Institute",2025,0,,Data Analyst,Analytics,Python;Pandas;Power BI,,34.8,,30,2026-01-04,61.0,,77.0,Pending,Onsite,Jaipur
APP0452,Hrishita Bhavsar,Male,28,Noida,Uttar Pradesh,MCA,Information Technology,"Borra, Bedi and Aggarwal Institute",2014,10,Cognizant,Data Analyst,Analytics,Python;Pandas;Power BI,Azure AI,14.3,12.4,15,2026-02-18,,,,Selected,Hybrid,Jaipur
APP0453,Ayesha Boase,Male,33,Kolkata,West Bengal,M.Tech,Cloud Computing,Shah-Ahluwalia Institute,2018,8,,Cloud Engineer,Cloud,AWS;Azure;Linux,ISTQB,21.8,20.3,30,2025-10-30,,96.0,79.0,Pending,Onsite,Kolkata
APP0454,Mehul Bains,Female,25,Kolkata,West Bengal,BCA,Cyber Security,Sekhon-Chhabra Institute,2025,0,,DevOps Engineer,Cloud,Docker;Kubernetes;CI/CD,Google Data Analytics,4.3,,15,2025-12-15,,,,Pending,Hybrid,Hyderabad
APP0455,Hridaan Varkey,Male,28,Gurgaon,Haryana,MBA,Computer Science,"Ramachandran, Kapoor and Karpe Institute",2023,1,,Data Scientist,Analytics,Python;Machine Learning;SQL,Google Data Analytics,21.8,18.3,60,2025-03-20,,,,Pending,Hybrid,Hyderabad
APP0456,Raunak Kapur,Female,30,Kochi,Kerala,MBA,Data Science,Kar-Cheema Institute,2024,0,,Machine Learning Engineer,AI/ML,Scikit-learn;Python;Deep Learning,Scrum Master,16.2,,60,2025-09-28,,,85.0,Selected,Remote,Chennai
APP0457,Kanav Chana,Male,21,Indore,Madhya Pradesh,MCA,Information Technology,"Gola, Dixit and Madan Institute",2017,8,Persistent,Java Developer,Software Development,Java;Spring Boot;MySQL,Google Data Analytics,18.2,16.5,60,2025-04-22,,,69.0,Rejected,Onsite,Kochi
APP0458,Anya Thaker,Female,28,Nagpur,Maharashtra,B.Tech,Information Technology,Basak-Kapoor Institute,2025,0,,Java Developer,Software Development,Java;Spring Boot;MySQL,Oracle Java,34.2,,60,2025-11-18,71.0,,87.0,Rejected,Hybrid,Jaipur
APP0459,Piya Mani,Male,24,Kolkata,West Bengal,B.Tech,Information Technology,"Goyal, Thakur and Varghese Institute",2017,7,IBM,Machine Learning Engineer,AI/ML,Scikit-learn;Python;Deep Learning,,15.6,11.8,90,2025-01-06,,,,Selected,Remote,Kolkata
APP0460,Pihu Upadhyay,Female,23,Kolkata,West Bengal,MBA,AI & ML,Saraf-Wason Institute,2023,1,Accenture,BI Developer,Analytics,Power BI;DAX;SQL,AWS Certified,27.1,22.9,60,2025-02-20,,,79.0,Pending,Onsite,Indore
APP0461,Reyansh Swaminathan,Female,31,Indore,Madhya Pradesh,B.Tech,Computer Science,"Srivastava, Koshy and Batta Institute",2022,4,Wipro,Product Analyst,Product,Analytics;Agile;SQL,,20.1,16.8,30,2025-10-12,67.0,67.0,71.0,Pending,Remote,Mumbai
APP0462,Vaibhav Rege,Female,22,Gurgaon,Haryana,BCA,Cyber Security,Bava LLC Institute,2016,10,Persistent,QA Engineer,Testing,Selenium;Java;Manual Testing,Scrum Master,6.6,5.1,60,2025-05-08,,94.0,87.0,Selected,Onsite,Noida
APP0463,Mishti Comar,Male,25,Jaipur,Rajasthan,BCA,Data Science,"Gaba, Kaur and Bali Institute",2020,5,HCL,Frontend Developer,Web Development,HTML;CSS;React,ISTQB,22.8,19.8,45,2025-06-03,66.0,75.0,72.0,Selected,Onsite,Kolkata
APP0464,Aniruddh Keer,Male,38,Delhi,Delhi,B.E.,Information Technology,Varty Inc Institute,2020,5,Persistent,Data Analyst,Analytics,Python;Pandas;Power BI,IBM AI,12.1,8.5,30,2026-04-27,,89.0,,Pending,Hybrid,Kolkata
APP0465,Zain Manne,Male,38,Ahmedabad,Gujarat,M.Tech,Information Technology,Sachdeva PLC Institute,2020,6,Tech Mahindra,Product Analyst,Product,Analytics;Agile;SQL,,17.0,15.4,15,2025-03-05,,61.0,,Rejected,Hybrid,Indore
APP0466,Trisha Koshy,Female,24,Hyderabad,Telangana,BCA,Cloud Computing,"Datta, Raju and Varma Institute",2016,10,LTIMindtree,AI Engineer,AI/ML,Python;TensorFlow;NLP,,12.5,11.1,45,2025-10-29,,66.0,,Pending,Hybrid,Kolkata
APP0467,Shamik Sridhar,Male,37,Mumbai,Maharashtra,MBA,AI & ML,Kata and Sons Institute,2025,0,,Java Developer,Software Development,Java;Spring Boot;MySQL,,33.3,,30,2025-05-13,84.0,,90.0,Selected,Hybrid,Kolkata
APP0468,Ivan Dhawan,Female,35,Jaipur,Rajasthan,BCA,Cyber Security,Varty Ltd Institute,2024,0,,QA Engineer,Testing,Selenium;Java;Manual Testing,IBM AI,23.8,,60,2025-08-13,83.0,,89.0,Pending,Onsite,Bhubaneswar
APP0469,Mehul Wason,Male,26,Bhubaneswar,Odisha,BCA,Computer Science,Dayal Ltd Institute,2023,1,Infosys,DevOps Engineer,Cloud,Docker;Kubernetes;CI/CD,IBM AI,30.6,25.8,90,2026-04-29,,65.0,64.0,Rejected,Remote,Delhi
APP0470,Myra Roy,Female,38,Ahmedabad,Gujarat,MBA,Cloud Computing,"Wadhwa, Shanker and Aggarwal Institute",2018,8,Capgemini,Product Analyst,Product,Analytics;Agile;SQL,,18.9,15.8,90,2026-01-01,94.0,85.0,72.0,Pending,Onsite,Pune
APP0471,Mohanlal Tripathi,Female,22,Kolkata,West Bengal,M.Tech,Business Analytics,Joshi-Andra Institute,2024,0,,Business Analyst,Business Intelligence,Excel;SQL;Analytics,,32.8,,30,2025-09-21,93.0,,83.0,Rejected,Remote,Chennai
APP0472,Anvi Dyal,Male,35,Bhubaneswar,Odisha,BCA,Business Analytics,Solanki PLC Institute,2021,5,TCS,DevOps Engineer,Cloud,Docker;Kubernetes;CI/CD,ISTQB,13.0,10.1,15,2026-04-21,76.0,,,Pending,Hybrid,Chennai
APP0473,Lagan Hayer,Male,23,Hyderabad,Telangana,BCA,AI & ML,"Venkataraman, Bhatt and Gour Institute",2026,0,,Backend Developer,Software Development,Node.js;MongoDB;APIs,CEH,14.8,,15,2025-09-09,,82.0,,Rejected,Remote,Nagpur
APP0474,Bhamini Ben,Female,26,Indore,Madhya Pradesh,B.E.,Cloud Computing,Sanghvi Ltd Institute,2024,1,LTIMindtree,QA Engineer,Testing,Selenium;Java;Manual Testing,CEH,16.3,14.1,15,2025-12-03,87.0,,,Rejected,Onsite,Bangalore
APP0475,Lagan Bhat,Female,36,Mumbai,Maharashtra,BCA,Business Analytics,Dass Inc Institute,2025,1,,Cloud Engineer,Cloud,AWS;Azure;Linux,,8.1,5.4,30,2025-03-02,81.0,70.0,,Rejected,Hybrid,Gurgaon
APP0476,Anaya Buch,Male,22,Jaipur,Rajasthan,MBA,Cloud Computing,Ray-Walia Institute,2026,0,,Full Stack Developer,Web Development,React;Node.js;SQL,CEH,33.7,,90,2026-01-28,61.0,,92.0,Pending,Remote,Delhi
APP0477,Taimur Ram,Male,34,Noida,Uttar Pradesh,B.E.,Business Analytics,Dua-Ravi Institute,2024,1,LTIMindtree,Cyber Security Analyst,Security,Network Security;Python;SIEM,,6.6,3.9,90,2025-12-25,69.0,,,Pending,Remote,Bangalore
APP0478,Jhanvi Jha,Male,33,Kochi,Kerala,M.Tech,Cyber Security,"Chana, Agrawal and Jha Institute",2025,1,LTIMindtree,AI Engineer,AI/ML,Python;TensorFlow;NLP,,8.1,6.9,30,2026-03-19,72.0,87.0,72.0,Selected,Hybrid,Delhi
APP0479,Devansh Wason,Male,26,Noida,Uttar Pradesh,B.Tech,Computer Science,Dugar PLC Institute,2020,5,TCS,Java Developer,Software Development,Java;Spring Boot;MySQL,,24.0,21.8,45,2025-06-13,,,86.0,Selected,Hybrid,Noida
APP0480,Shalv Wagle,Female,32,Hyderabad,Telangana,MBA,Cloud Computing,Saraf Inc Institute,2023,3,Capgemini,Data Scientist,Analytics,Python;Machine Learning;SQL,,11.8,8.8,45,2025-06-19,,67.0,60.0,Selected,Onsite,Delhi
APP0481,Prerak Sehgal,Male,23,Mumbai,Maharashtra,BCA,Cloud Computing,Kamdar Group Institute,2024,0,,Data Scientist,Analytics,Python;Machine Learning;SQL,,27.0,,60,2026-04-19,67.0,,,Selected,Onsite,Jaipur
APP0482,Gokul Balasubramanian,Female,34,Nagpur,Maharashtra,BCA,Computer Science,Borde LLC Institute,2026,0,,Java Developer,Software Development,Java;Spring Boot;MySQL,Google Data Analytics,17.0,,90,2025-02-04,,,,Rejected,Onsite,Nagpur
APP0483,Amani Vora,Female,38,Hyderabad,Telangana,M.Sc Data Science,Software Engineering,"Ramesh, Dara and Vig Institute",2020,6,Accenture,Java Developer,Software Development,Java;Spring Boot;MySQL,,28.6,24.8,45,2026-01-20,,94.0,,Selected,Remote,Pune
APP0484,Lavanya Sekhon,Female,38,Nagpur,Maharashtra,B.Tech,AI & ML,"Lalla, Kala and Ghosh Institute",2018,6,Capgemini,Cloud Engineer,Cloud,AWS;Azure;Linux,AWS Certified,4.3,-0.4,90,2025-06-01,,,79.0,Selected,Hybrid,Pune
APP0485,Shalv Soni,Female,31,Ahmedabad,Gujarat,B.Tech,Cyber Security,Hayre Ltd Institute,2025,1,LTIMindtree,AI Engineer,AI/ML,Python;TensorFlow;NLP,Google Data Analytics,12.4,8.2,60,2025-11-20,75.0,,,Pending,Hybrid,Chennai
APP0486,Eshani Sarraf,Male,35,Pune,Maharashtra,B.E.,Cloud Computing,"Lad, Seth and Balan Institute",2024,2,Cognizant,Python Developer,Software Development,Python;Django;SQL,Oracle Java,26.6,24.5,90,2026-03-22,76.0,94.0,,Pending,Hybrid,Nagpur
APP0487,Indrajit Varghese,Male,27,Noida,Uttar Pradesh,BCA,Business Analytics,"Boase, Golla and Gera Institute",2016,8,LTIMindtree,DevOps Engineer,Cloud,Docker;Kubernetes;CI/CD,Google Data Analytics,17.5,15.9,45,2026-02-22,90.0,91.0,89.0,Selected,Hybrid,Nagpur
APP0488,Parinaaz Sagar,Male,21,Bhubaneswar,Odisha,BCA,Information Technology,Wali-Shukla Institute,2021,3,Accenture,Machine Learning Engineer,AI/ML,Scikit-learn;Python;Deep Learning,CEH,22.8,21.5,15,2026-01-06,,,85.0,Selected,Remote,Indore
APP0489,Farhan Keer,Female,23,Kochi,Kerala,B.E.,AI & ML,Lanka-Sridhar Institute,2026,0,,Java Developer,Software Development,Java;Spring Boot;MySQL,Microsoft Power BI,27.9,,90,2025-10-05,77.0,98.0,60.0,Rejected,Remote,Hyderabad
APP0490,Fateh Sibal,Female,25,Chennai,Tamil Nadu,B.Tech,Data Science,"Bir, Char and Dash Institute",2026,0,,BI Developer,Analytics,Power BI;DAX;SQL,AWS Certified,5.7,,30,2025-02-22,77.0,61.0,,Rejected,Hybrid,Nagpur
APP0491,Pranay Ganesan,Female,32,Chennai,Tamil Nadu,B.Tech,Cloud Computing,"Subramaniam, Manne and Dada Institute",2023,1,Infosys,Cyber Security Analyst,Security,Network Security;Python;SIEM,,15.9,11.4,15,2026-05-05,,70.0,74.0,Selected,Onsite,Nagpur
APP0492,Devansh Bal,Female,32,Nagpur,Maharashtra,MCA,Information Technology,"Bhalla, Barman and Sodhi Institute",2020,5,,Database Administrator,Database,Oracle;SQL Server;Backup,AWS Certified,22.6,18.9,30,2026-04-15,,,,Pending,Remote,Chennai
APP0493,Shalv Banerjee,Female,25,Nagpur,Maharashtra,B.E.,Software Engineering,Raval-Halder Institute,2020,4,Tech Mahindra,Full Stack Developer,Web Development,React;Node.js;SQL,ISTQB,28.7,23.8,60,2025-02-16,64.0,,77.0,Rejected,Hybrid,Jaipur
APP0494,Kartik Sankar,Male,33,Delhi,Delhi,B.Tech,Software Engineering,Kari-Singh Institute,2024,0,,Frontend Developer,Web Development,HTML;CSS;React,Scrum Master,32.6,,90,2025-09-30,,,,Pending,Onsite,Bangalore
APP0495,Shamik Savant,Female,32,Jaipur,Rajasthan,M.Sc Data Science,AI & ML,Sathe and Sons Institute,2024,1,Cognizant,Data Analyst,Analytics,Python;Pandas;Power BI,Microsoft Power BI,4.1,-0.9,30,2025-01-31,,,68.0,Pending,Hybrid,Bangalore
APP0496,Nishith Sule,Male,23,Bangalore,Karnataka,M.Tech,AI & ML,Chaudhary-Bhat Institute,2024,0,,DevOps Engineer,Cloud,Docker;Kubernetes;CI/CD,AWS Certified,8.3,,30,2025-12-26,,,83.0,Rejected,Remote,Mumbai
APP0497,Hiran Sani,Female,31,Bangalore,Karnataka,M.Tech,Computer Science,"Iyer, Tara and Shere Institute",2024,0,,Data Analyst,Analytics,Python;Pandas;Power BI,IBM AI,29.8,,15,2025-08-29,86.0,,,Selected,Remote,Bhubaneswar
APP0498,Hunar Bora,Male,34,Ahmedabad,Gujarat,B.E.,Cyber Security,"Jhaveri, Bhasin and Shroff Institute",2020,6,Infosys,Java Developer,Software Development,Java;Spring Boot;MySQL,Scrum Master,19.6,18.6,60,2025-12-30,,,,Selected,Onsite,Bangalore
APP0499,Nayantara Bumb,Female,26,Delhi,Delhi,B.Tech,Cloud Computing,"Balan, Tak and Bahri Institute",2024,1,Persistent,Java Developer,Software Development,Java;Spring Boot;MySQL,CEH,9.7,5.7,30,2026-02-28,,,,Rejected,Remote,Mumbai
APP0500,Navya De,Male,22,Mumbai,Maharashtra,B.E.,Cyber Security,Rau-Chadha Institute,2019,6,Infosys,Backend Developer,Software Development,Node.js;MongoDB;APIs,,4.9,2.8,90,2025-04-07,,64.0,,Selected,Onsite,Indore
APP0011,Taran Gara,Male,38,Delhi,Delhi,M.Tech,AI & ML,Upadhyay and Sons Institute,2022,3,Accenture,Backend Developer,Software Development,Node.js;MongoDB;APIs,Google Data Analytics,18.5,14.6,45,2025-04-09,66.0,,66.0,Rejected,Remote,Kochi
APP0012,Ryan Ahluwalia,Female,27,Bhubaneswar,Odisha,M.Sc Data Science,Software Engineering,Dass-Sanghvi Institute,2020,4,TCS,Data Analyst,Analytics,Python;Pandas;Power BI,Google Data Analytics,7.0,3.4,60,2025-09-06,94.0,65.0,,Selected,Hybrid,Hyderabad
APP0013,Devansh Aurora,Male,38,Bhubaneswar,Odisha,B.Tech,Cloud Computing,"Brar, Bains and Gola Institute",2024,1,TCS,Business Analyst,Business Intelligence,Excel;SQL;Analytics,AWS Certified,25.6,21.7,90,2026-05-11,,69.0,78.0,Rejected,Onsite,Bhubaneswar
APP0014,Lakshay Soni,Male,22,Kochi,Kerala,BCA,Information Technology,Khurana LLC Institute,2026,0,,Product Analyst,Product,Analytics;Agile;SQL,CEH,33.8,,90,2025-03-03,65.0,64.0,,Pending,Onsite,Chennai
APP0015,Vardaniya Madan,Female,24,Bhubaneswar,Odisha,B.Tech,Data Science,"Barad, Manda and Wali Institute",2023,1,Oracle,QA Engineer,Testing,Selenium;Java;Manual Testing,IBM AI,26.2,24.2,30,2025-01-05,85.0,,80.0,Rejected,Remote,Bhubaneswar
